ID,Tipo,SKU,"GTIN, UPC, EAN o ISBN",Nombre,Publicado,¿Está destacado?,Visibilidad en el catálogo,Descripción corta,Descripción,Día en que empieza el precio rebajado,Día en que termina el precio rebajado,Estado del impuesto,Clase de impuesto,¿Existencias?,Inventario,Cantidad de bajo inventario,¿Permitir reservas de productos agotados?,¿Vendido individualmente?,Peso (kg),Longitud (cm),Anchura (cm),Altura (cm),¿Permitir valoraciones de clientes?,Nota de compra,Precio rebajado,Precio normal,Categorías,Etiquetas,Clase de envío,Imágenes,Límite de descargas,Días de caducidad de la descarga,Superior,Productos agrupados,Ventas dirigidas,Ventas cruzadas,URL externa,Texto del botón,Posición,Marcas,Nombre del atributo 1,Valor(es) del atributo 1,Atributo visible 1,Atributo global 1,Meta: _tf_flashsale_text,Meta: _tf_flashsale_text_2,Meta: cmplz_hide_cookiebanner,Meta: site-sidebar-layout,Meta: ast-site-content-layout,Meta: site-content-style,Meta: site-sidebar-style,Meta: theme-transparent-header-meta,Meta: _yoast_wpseo_primary_product_cat,Meta: _yoast_wpseo_content_score,Meta: _yoast_wpseo_estimated-reading-time-minutes,Meta: _alg_wc_wl_added_by_unregistered_users_count,Meta: adp_custom_product_attribute_0,Meta: adp_custom_product_attribute_1,Meta: adp_custom_product_attribute_2,Meta: adp_custom_product_attribute_3,Meta: _yoast_wpseo_primary_product_brand,Meta: astra-migrate-meta-layouts,Atributo por defecto 1,Meta: _alg_wc_wl_added_by_registered_users_count,Meta: adp_custom_product_attribute_4,Meta: adp_custom_product_attribute_5,Meta: adp_custom_product_attribute_6,Meta: adp_custom_product_attribute_7,Meta: adp_custom_product_attribute_8,Meta: adp_custom_product_attribute_9,Nombre del atributo 2,Valor(es) del atributo 2,Atributo visible 2,Atributo global 2,Meta: adp_custom_product_attribute_10,Meta: adp_custom_product_attribute_11,Meta: adp_custom_product_attribute_12,Meta: adp_custom_product_attribute_13,Meta: adp_custom_product_attribute_14,Meta: adp_custom_product_attribute_15,Meta: adp_custom_product_attribute_16,Meta: adp_custom_product_attribute_17,Meta: adp_custom_product_attribute_18,Meta: adp_custom_product_attribute_19,Meta: adp_custom_product_attribute_20,Meta: adp_custom_product_attribute_21,Meta: adp_custom_product_attribute_22,Meta: adp_custom_product_attribute_23,Meta: adp_custom_product_attribute_24,Meta: adp_custom_product_attribute_25,Meta: adp_custom_product_attribute_26,Meta: adp_custom_product_attribute_27,Meta: adp_custom_product_attribute_28,Meta: adp_custom_product_attribute_29,Meta: adp_custom_product_attribute_30,Meta: adp_custom_product_attribute_31,Meta: adp_custom_product_attribute_32,Meta: adp_custom_product_attribute_33,Meta: adp_custom_product_attribute_34
6461,variable,,,Circuito SPA,1,0,visible,"Si necesitas tomarte un respiro, relajar tu mente o purificar y liberar de toxinas a tu cuerpo, es el momento de un tratamiento termal, donde el agua, será tu mejor aliado.
\n
\nLa hidroterapia emplea agua a diferentes temperaturas, alternando agua fría y caliente, aplicando chorros de agua a presión y en baños. Es un tratamiento natural que utiliza el agua como elemento principal y con una pequeña estimulación ayuda a activar las funciones vitales.
\n
\nEl agua caliente provoca la dilatación de los vasos sanguíneos superficiales favoreciendo la circulación bajo la piel. El agua fría provoca el efecto contrario, la contracción de los vasos sanguíneos superficiales, favoreciendo la circulación interna. La presión ejercida por los chorros de agua, y su efecto mecánico, proporciona un relajante masaje, que además mejora la circulación venosa de retorno. Los estímulos térmicos sobre la piel provocan una respuesta en la circulación sanguínea y, a través del sistema nervioso llega a nivel de músculos, órganos y a la circulación general de todo el cuerpo.","Si necesitas tomarte un respiro, relajar tu mente o purificar y liberar de toxinas a tu cuerpo, es el momento de un tratamiento termal, donde el agua, será tu mejor aliado.
\n
\nLa hidroterapia emplea agua a diferentes temperaturas, alternando agua fría y caliente, aplicando chorros de agua a presión y en baños. Es un tratamiento natural que utiliza el agua como elemento principal y con una pequeña estimulación ayuda a activar las funciones vitales.
\n
\nEl agua caliente provoca la dilatación de los vasos sanguíneos superficiales favoreciendo la circulación bajo la piel. El agua fría provoca el efecto contrario, la contracción de los vasos sanguíneos superficiales, favoreciendo la circulación interna. La presión ejercida por los chorros de agua, y su efecto mecánico, proporciona un relajante masaje, que además mejora la circulación venosa de retorno. Los estímulos térmicos sobre la piel provocan una respuesta en la circulación sanguínea y, a través del sistema nervioso llega a nivel de músculos, órganos y a la circulación general de todo el cuerpo.",,,taxable,,1,,,0,0,,,,,1,,,,"EXPERIENCIAS SPA > Circuito SPA, EXPERIENCIAS SPA",Experiencias SPA,,https://cumbriabienestar.es/wp-content/uploads/2024/08/23536.jpg,,,,,,,,,0,,Circuito,"Circuito Spa, Pack Circuito spa + Masaje - Duración 30', Bono de 5 Circuitos SPA, Bono de 10 Circuitos SPA, Circuito Spa, Pack Circuito spa + Masaje - Duración 30' (Individual)",1,0,,,,default,default,default,default,default,414,90,1,59,Circuito:Circuito SPA - Duración 60',Circuito:SPA + Masaje - Duración 30',Circuito:Bono de 5 Circuitos SPA,Circuito:Bono de 10 Circuitos SPA,,set,,,,,,,,,,,,,,,,,,,,,,,,,,,,,,,,,,,,,
6468,"simple, virtual",,,Suite Spa,1,0,visible,"<strong>Tu SPA Privado – Ideal para compartir</strong>
\n¿Quieres sorprender a tu pareja? Imagínate un lugar único y exclusivo para vosotros, con la complicidad de estar solos y dedicado al bienestar. Baño de hidromasaje, cascada de agua, sauna y baño de vapor, duchas, sillones…
\n
\nOs recomendamos que finalicéis con un masaje en las camillas de la propia suite y así despediros hasta la próxima con una sonrisa feliz de oreja a oreja.
\n
\nDuración: 60'
\n
\nPara 1 o 2 personas
\n
\n&nbsp;","<strong>Tu SPA Privado – Ideal para compartir</strong>
\n¿Quieres sorprender a tu pareja? Imagínate un lugar único y exclusivo para vosotros, con la complicidad de estar solos y dedicado al bienestar. Baño de hidromasaje, cascada de agua, sauna y baño de vapor, duchas, sillones…
\n
\nOs recomendamos que finalicéis con un masaje en las camillas de la propia suite y así despediros hasta la próxima con una sonrisa feliz de oreja a oreja.
\n
\nDuración: 60'
\n
\nPara 1 o 2 personas
\n
\n&nbsp;",,,taxable,,1,,,0,0,,,,,1,,,100,"EXPERIENCIAS SPA, EXPERIENCIAS SPA > Suite SPA",Experiencias SPA,,https://cumbriabienestar.es/wp-content/uploads/2024/08/46120.jpg,,,,,,,,,0,,,,,,,,,default,default,default,default,default,414,90,1,35,,,,,,set,,,,,,,,,,,,,,,,,,,,,,,,,,,,,,,,,,,,,
6470,variable,,,SPA y Sabores,1,0,visible,"Completa tu experiencia SPA
\nIniciamos con un Circuito SPA: Hidromasaje, cascadas, chorros a presión, contrastes térmicos, burbujas… para olvidar el estrés. Y que mejor manera de finalizar nuestra sesión de SPA que sentados a la mesa. El programa incluye la comida o la cena en CUMBRIA Restaurante, donde podrás elegir los platos que más te gusten del variado Menú del día.
\n
\nIncluye:
\n<ul>
\n 	<li>Circuito SPA</li>
\n 	<li>Restaurante (Comida o cena)</li>
\n</ul>","Completa tu experiencia SPA
\nIniciamos con un Circuito SPA: Hidromasaje, cascadas, chorros a presión, contrastes térmicos, burbujas… para olvidar el estrés. Y que mejor manera de finalizar nuestra sesión de SPA que sentados a la mesa. El programa incluye la comida o la cena en CUMBRIA Restaurante, donde podrás elegir los platos que más te gusten del variado Menú del día.
\n
\nIncluye:
\n<ul>
\n 	<li>Circuito SPA</li>
\n 	<li>Restaurante (Comida o cena)</li>
\n</ul>",,,taxable,,1,,,0,0,,,,,1,,,,"SPA PROGRAMA SPA, SPA PROGRAMA SPA > SPA y sabores",Experiencias SPA,,https://cumbriabienestar.es/wp-content/uploads/2024/08/spa-massage-concept-with-woman-scaled.jpg,,,,,,,,,0,,Circuito,"2 personas, Individual",1,0,,,,default,default,default,default,default,391,90,1,33,,,,,,set,2 personas,,,,,,,,,,,,,,,,,,,,,,,,,,,,,,,,,,,,
6472,variable,,,Relax Oriental,1,0,visible,"<strong>Balneoterapia con masaje</strong>
\nSala privada con baño de hidromasaje y cromoterapia que relajará tu mente. Continuaremos con un masaje relajante combinando técnicas de presión manuales y largas caricias para renovar y desestresar el cuerpo y la mente.
\n
\nDuración: baño en bañera de hidromasaje 30 min + masaje relax 30 min","<strong>Balneoterapia con masaje</strong>
\nSala privada con baño de hidromasaje y cromoterapia que relajará tu mente. Continuaremos con un masaje relajante combinando técnicas de presión manuales y largas caricias para renovar y desestresar el cuerpo y la mente.
\n
\nDuración: baño en bañera de hidromasaje 30 min + masaje relax 30 min",,,taxable,,1,,,0,0,,,,,1,,,,"EXPERIENCIAS SPA, PROGRAMAS PARA COMPARTIR, EXPERIENCIAS SPA > Relax Oriental",,,https://cumbriabienestar.es/wp-content/uploads/2024/08/46177.jpg,,,,,,,,,0,,Personas,"Individual, 2 personas",1,0,,,,default,default,default,default,default,391,90,1,14,Personas:1 persona,Personas:2 personas,,,,set,2 personas,1,,,,,,,,,,,,,,,,,,,,,,,,,,,,,,,,,,,
6475,"variation, virtual",,,Relax Oriental - 2 personas,1,0,visible,,Relax oriental para 2 personas,,,taxable,parent,1,,,0,0,,,,,0,,,90,,,,https://cumbriabienestar.es/wp-content/uploads/2024/08/46177.jpg,,,id:6472,,,,,,1,,Personas,2 personas,,0,,,,,,,,,,,,8,,,,,,,,,,,,,,,,,,,,,,,,,,,,,,,,,,,,,,,,,,,
6477,"simple, virtual",,,Encuentro Romántico,1,0,visible,"<strong>Tu SPA privado con Masaje Exclusivo</strong>
\nImagínate un lugar único y exclusivo para vosotros, dedicado al bienestar y con la complicidad de estar solos. Hidromasaje con cascada de agua, sauna y baño de vapor, duchas, sillones… Finalizamos con un delicado y estimulante masaje corporal, que te proporcionará sensaciones de bienestar y placer corporal.
\n<div class=""priced-title"">
\n
\nincluye para dos personas:
\n<ul>
\n 	<li style=""list-style-type: none;"">
\n<ul>
\n 	<li>Suite SPA Privada - Duración: 60'</li>
\n 	<li>Masaje relax - Duración: 30'</li>
\n</ul>
\n</li>
\n</ul>
\n</div>","<strong>Tu SPA privado con Masaje Exclusivo</strong>
\nImagínate un lugar único y exclusivo para vosotros, dedicado al bienestar y con la complicidad de estar solos. Hidromasaje con cascada de agua, sauna y baño de vapor, duchas, sillones… Finalizamos con un delicado y estimulante masaje corporal, que te proporcionará sensaciones de bienestar y placer corporal.
\n<div class=""priced-title"">
\n
\nincluye para dos personas:
\n<ul>
\n 	<li style=""list-style-type: none;"">
\n<ul>
\n 	<li>Suite SPA Privada - Duración: 60'</li>
\n 	<li>Masaje relax - Duración: 30'</li>
\n</ul>
\n</li>
\n</ul>
\n</div>",,,taxable,,1,,,0,0,,,,,1,,,150,"SPA PROGRAMA SPA > Encuentro Romántico, SPA PROGRAMA SPA",,,https://cumbriabienestar.es/wp-content/uploads/2024/08/2148378764.jpg,,,,,,,,,0,,,,,,,,,default,default,default,default,default,391,90,1,39,,,,,,set,,,,,,,,,,,,,,,,,,,,,,,,,,,,,,,,,,,,,
6479,"simple, virtual",,,Especial Parejas,1,0,visible,"<strong>Comparte la experiencia</strong>
\nComenzamos compartiendo un Circuito SPA para purificar el cuerpo y eliminar toxinas, continuamos con la envoltura corporal que más os guste y un masaje craneo-facial y finalizamos con un delicioso masaje corporal relajante para renovar y desestresar el cuerpo y la mente.
\n
\nIncluye:
\n<ul>
\n 	<li>Circuito Spa - Duración: 60'</li>
\n 	<li>Envoltura corporal con masaje cráneo-facial + masaje relax -  Duración: 30'</li>
\n</ul>","<strong>Comparte la experiencia</strong>
\nComenzamos compartiendo un Circuito SPA para purificar el cuerpo y eliminar toxinas, continuamos con la envoltura corporal que más os guste y un masaje craneo-facial y finalizamos con un delicioso masaje corporal relajante para renovar y desestresar el cuerpo y la mente.
\n
\nIncluye:
\n<ul>
\n 	<li>Circuito Spa - Duración: 60'</li>
\n 	<li>Envoltura corporal con masaje cráneo-facial + masaje relax -  Duración: 30'</li>
\n</ul>",,,taxable,,1,,,0,0,,,,,1,,,150,"SPA PROGRAMA SPA > Especial Parejas, SPA PROGRAMA SPA",,,https://cumbriabienestar.es/wp-content/uploads/2024/08/407.jpg,,,,,,,,,0,,,,,,,,,default,default,default,default,default,391,90,1,31,,,,,,set,,1,,,,,,,,,,,,,,,,,,,,,,,,,,,,,,,,,,,
6481,"simple, virtual",,,Sueño para dos,1,0,visible,"Incluye:
\n<ul>
\n 	<li><span style=""font-size: 16px;"">Alojamiento en habitación doble</span></li>
\n 	<li>Desayuno</li>
\n 	<li>Menú (comida o cena)</li>
\n 	<li>Circuito SPA - Duración 60'</li>
\n</ul>","<ul>
\n 	<li>Incluye:
\n<ul>
\n 	<li><span style=""font-size: 16px;"">Alojamiento en habitación doble</span></li>
\n 	<li>Desayuno</li>
\n 	<li>Menú (comida o cena)</li>
\n 	<li>Circuito SPA - Duración 60'</li>
\n</ul>
\n</li>
\n</ul>",,,taxable,,1,,,0,0,,,,,1,,,140,"PROGRAMAS PARA COMPARTIR, PROGRAMAS PARA COMPARTIR > Sueño para dos",,,https://cumbriabienestar.es/wp-content/uploads/2024/08/cumbria_bienestar01.jpg,,,,,,,,,0,,,,,,,,,default,default,default,default,default,391,90,1,33,,,,,,set,,1,,,,,,,,,,,,,,,,,,,,,,,,,,,,,,,,,,,
6483,"simple, virtual",,,Fantasía para dos,1,0,visible,"Incluye:
\n<ul>
\n 	<li style=""list-style-type: none;"">
\n<ul>
\n 	<li><span style=""font-size: 16px; font-style: normal; font-weight: 400;"">Alojamiento en habitación doble</span></li>
\n 	<li>Desayuno</li>
\n 	<li>Circuito SPA - Duración 60'</li>
\n 	<li>Masaje en pareja - Duración 30'</li>
\n</ul>
\n</li>
\n</ul>","Incluye:
\n<ul>
\n 	<li style=""list-style-type: none;"">
\n<ul>
\n 	<li><span style=""font-size: 16px; font-style: normal; font-weight: 400;"">Alojamiento en habitación doble</span></li>
\n 	<li>Desayuno</li>
\n 	<li>Circuito SPA - Duración 60'</li>
\n 	<li>Masaje en pareja - Duración 30'</li>
\n</ul>
\n</li>
\n</ul>",,,taxable,,1,,,0,0,,,,,1,,,165,"PROGRAMAS PARA COMPARTIR > Fantasía para dos, PROGRAMAS PARA COMPARTIR",,,https://cumbriabienestar.es/wp-content/uploads/2024/08/cumbria_bienestar02.jpg,,,,,,,,,0,,,,,,,,,default,default,default,default,default,391,90,1,25,,,,,,set,,1,,,,,,,,,,,,,,,,,,,,,,,,,,,,,,,,,,,
6485,"simple, virtual",,,Aventura para dos,1,0,visible,"Incluye:
\n<ul>
\n 	<li><span style=""font-size: 16px; font-style: normal; font-weight: 400;"">Alojamiento en habitación doble</span></li>
\n 	<li>Desayuno</li>
\n 	<li> Suite spa privada - Duración 60'</li>
\n 	<li>Botella de cava</li>
\n</ul>","Incluye:
\n<ul>
\n 	<li><span style=""font-size: 16px; font-style: normal; font-weight: 400;"">Alojamiento en habitación doble</span></li>
\n 	<li>Desayuno</li>
\n 	<li> Suite spa privada - Duración 60'</li>
\n 	<li>Botella de cava</li>
\n</ul>",,,taxable,,1,,,0,0,,,,,1,,,190,"PROGRAMAS PARA COMPARTIR > Aventura para dos, PROGRAMAS PARA COMPARTIR",,,https://cumbriabienestar.es/wp-content/uploads/2024/08/cumbria_bienestar03.jpg,,,,,,,,,0,,,,,,,,,default,default,default,default,default,391,90,1,34,,,,,,set,,,,,,,,,,,,,,,,,,,,,,,,,,,,,,,,,,,,,
6487,"simple, virtual",,,Tiempo para dos,1,0,visible,"Incluye:
\n<ul>
\n 	<li>Suite SPA privada - Duración 60'</li>
\n 	<li> Menú (Comida o cena)</li>
\n</ul>","Incluye:
\n<ul>
\n 	<li>Suite SPA privada - Duración 60'</li>
\n 	<li> Menú (Comida o cena)</li>
\n</ul>",,,taxable,,1,,,0,0,,,,,1,,,135,"PROGRAMAS PARA COMPARTIR, PROGRAMAS PARA COMPARTIR > Tiempo para dos",,,https://cumbriabienestar.es/wp-content/uploads/2024/08/cumbria_bienestar04.jpg,,,,,,,,,0,,,,,,,,,default,default,default,default,default,391,90,1,23,,,,,,set,,1,,,,,,,,,,,,,,,,,,,,,,,,,,,,,,,,,,,
6489,"simple, virtual",,,Cuento para dos,1,0,visible,"Incluye:
\n<ul>
\n 	<li>Circuito SPA - Duración 60'</li>
\n 	<li>Envoltura corporal con masaje cráneo-facial</li>
\n 	<li>Menú (comida o cena)</li>
\n</ul>","Incluye:
\n<ul>
\n 	<li>Circuito SPA - Duración 60'</li>
\n 	<li>Masaje cráneo-facial</li>
\n 	<li>Menú (comida o cena)</li>
\n</ul>",,,taxable,,1,,,0,0,,,,,1,,,135,"PROGRAMAS PARA COMPARTIR > Cuento para dos, PROGRAMAS PARA COMPARTIR",,,https://cumbriabienestar.es/wp-content/uploads/2024/08/cumbria_bienestar05.jpg,,,,,,,,,0,,,,,,,,,default,default,default,default,default,391,90,1,31,,,,,,set,,1,,,,,,,,,,,,,,,,,,,,,,,,,,,,,,,,,,,
6495,"simple, virtual",,,Indian ritual,1,0,visible,"Tratamiento relajante corporal inspirado en la India, con ingredientes exóticos de origen Hindú, como el aceite de kukui, las infusiones de flores sagradas hindúes como el jazmín blanco y la flor de loto o la más pura sal rosa del Himalaya.
\n
\nSus 3 fases de tratamiento harán experimentar increíbles sensaciones placenteras gracias a su textura y aroma.
\nSus ingredientes aportan nutrición, hidratación y suavidad a la piel.
\n
\nIncluye:
\n<ul>
\n 	<li>Peeling  con sal rosa del himalaya</li>
\n 	<li>Envoltura corporal de flores de loto</li>
\n 	<li>Masaje relax de cañas de bambú - Duración 30'</li>
\n 	<li>Baño en bañera de hidromasaje</li>
\n</ul>
\n&nbsp;","Tratamiento relajante corporal inspirado en la India, con ingredientes exóticos de origen Hindú, como el aceite de kukui, las infusiones de flores sagradas hindúes como el jazmín blanco y la flor de loto o la más pura sal rosa del Himalaya.
\n
\nSus 3 fases de tratamiento harán experimentar increíbles sensaciones placenteras gracias a su textura y aroma.
\nSus ingredientes aportan nutrición, hidratación y suavidad a la piel.
\n
\nIncluye:
\n<ul>
\n 	<li>Peeling  con sal rosa del himalaya</li>
\n 	<li>Envoltura corporal de flores de loto</li>
\n 	<li>Masaje relax de cañas de bambú - Duración 30'</li>
\n 	<li>Baño en bañera de hidromasaje</li>
\n</ul>
\n&nbsp;",,,taxable,,1,,,0,0,,,,,1,,,110,"BELLEZA CORPORAL - Rituales, BELLEZA CORPORAL - Rituales > Indian Ritual",Rituales de Belleza,,https://cumbriabienestar.es/wp-content/uploads/2024/08/rituales_inidan_01.jpg,,,,,,,,,0,,,,,,,,,default,default,default,default,default,459,90,1,6,,,,,,set,,,,,,,,,,,,,,,,,,,,,,,,,,,,,,,,,,,,,
6497,"simple, virtual",,,Ritual Baño Cítrico,1,0,visible,"<strong>Con pura vitamina C de Natura Bissè</strong>
\n
\nProtege la piel ante la sequedad y el envejecimiento prematuro, otorgándole un aspecto rejuvenecido y reafirmado desde la primera sesión.
\n
\nRecibe los beneficios del concentrado antioxidante y reafirmante con pura vitamina C de Natura Bissé.
\n
\nIncluye:
\n<ul>
\n 	<li><span style=""font-size: 16px; font-style: normal; font-weight: 400;"">Peeling</span></li>
\n 	<li><span style=""font-size: 16px; font-style: normal; font-weight: 400;"">Envoltura corporal vit.c</span></li>
\n 	<li>Masaje relax - Duración 30'</li>
\n 	<li>Baño en bañera de hidromasaje</li>
\n</ul>","<strong>Con pura vitamina C de Natura Bissè</strong>
\n
\nProtege la piel ante la sequedad y el envejecimiento prematuro, otorgándole un aspecto rejuvenecido y reafirmado desde la primera sesión.
\n
\nRecibe los beneficios del concentrado antioxidante y reafirmante con pura vitamina C de Natura Bissé.
\n
\nIncluye:
\n<ul>
\n 	<li><span style=""font-size: 16px; font-style: normal; font-weight: 400;"">Peeling</span></li>
\n 	<li><span style=""font-size: 16px; font-style: normal; font-weight: 400;"">Envoltura corporal vit.c</span></li>
\n 	<li>Masaje relax - Duración 30'</li>
\n 	<li>Baño en bañera de hidromasaje</li>
\n</ul>",,,taxable,,1,,,0,0,,,,,1,,,120,"BELLEZA CORPORAL - Rituales, BELLEZA CORPORAL - Rituales > Ritual Baño Cítrico",Rituales de Belleza,,https://cumbriabienestar.es/wp-content/uploads/2024/08/397137.jpg,,,,,,,,,0,,,,,,,,,default,default,default,default,default,460,90,1,9,,,,,,set,,,,,,,,,,,,,,,,,,,,,,,,,,,,,,,,,,,,,
6501,"simple, virtual",,,Ritual Chocolaterapia,1,0,visible,"Reconforta el cuerpo y retrasa el envejecimiento de la piel, dejándola suave y tersa.
\n
\nEl chocolate posee numerosas propiedades: emolientes, nutritivas, hidratantes, protectoras y relajantes de la piel. Hace que la piel se renueve, luciendo completamente nutrida y revitali<span style=""font-size: 16px;"">zada.</span>
\n
\nincluye:
\n<ul>
\n 	<li>Peeling</li>
\n 	<li>Envoltura corporal chocolate</li>
\n 	<li>Masaje relax - Duración: 30'</li>
\n 	<li>Baño en bañera de hidromasaje</li>
\n</ul>","Reconforta el cuerpo y retrasa el envejecimiento de la piel, dejándola suave y tersa.
\n
\nEl chocolate posee numerosas propiedades: emolientes, nutritivas, hidratantes, protectoras y relajantes de la piel. Hace que la piel se renueve, luciendo completamente nutrida y revitali<span style=""font-size: 16px;"">zada.</span>
\n
\nincluye:
\n<ul>
\n 	<li>Peeling</li>
\n 	<li>Envoltura corporal chocolate</li>
\n 	<li>Masaje relax - Duración: 30'</li>
\n 	<li>Baño en bañera de hidromasaje</li>
\n</ul>",,,taxable,,1,,,0,0,,,,,1,,,110,"BELLEZA CORPORAL - Rituales, BELLEZA CORPORAL - Rituales > Ritual Chocolaterapia",Rituales de Belleza,,https://cumbriabienestar.es/wp-content/uploads/2024/08/32548.jpg,,,,,,,,,0,,,,,,,,,default,default,default,default,default,463,90,1,8,,,,,,set,,,,,,,,,,,,,,,,,,,,,,,,,,,,,,,,,,,,,
6503,"simple, virtual",,,Higiene facial básica,1,0,visible,"<strong>Limpieza, desintoxicación y equilibrio del pH de la piel</strong>
\nHigiene facial específica y adecuada según las características y necesidades de la piel.
\nDespués de la leche limpiadora, el tónico, el peeling adecuado y la extracción, aplicamos la mascarilla y el tratamiento acorde al tipo de piel. Seguidamente realizamos un extenso masaje.
\n<div class=""priced-title"">
\n<p class=""title post-title primary"">Duración: 60'-75'</p>
\n
\n</div>","<strong>Limpieza, desintoxicación y equilibrio del pH de la piel</strong>
\nHigiene facial específica y adecuada según las características y necesidades de la piel.
\nDespués de la leche limpiadora, el tónico, el peeling adecuado y la extracción, aplicamos la mascarilla y el tratamiento acorde al tipo de piel. Seguidamente realizamos un extenso masaje.
\n<div class=""priced-title"">
\n<p class=""title post-title primary"">Duración: 60'-75'</p>
\n
\n</div>",,,taxable,,1,,,0,0,,,,,1,,,40,"BELLEZA FACIAL / HIGIENE - por persona, BELLEZA FACIAL / HIGIENE - por persona > Higiene facial básica",Higiene facial,,https://cumbriabienestar.es/wp-content/uploads/2024/08/7565.jpg,,,,,,,,,0,,,,,,,,,default,default,default,default,default,,90,1,4,,,,,,set,,,,,,,,,,,,,,,,,,,,,,,,,,,,,,,,,,,,,
6505,"simple, virtual",,,Higiene facial con ultrasonidos,1,0,visible,"<strong>Para un rostro más luminoso</strong>
\nMicro-exfoliación a nivel profundo que elimina las células muertas y reactiva la circulación en la zona, estimulando la formación de colágeno nuevo y la regeneración celular. Atenúa las cicatrices del acné, disminuye las arrugas, cierra los poros muy dilatados y consigue un tono más luminoso.
\n<div class=""priced-title"">
\n<p class=""title post-title primary"">Duración: 60'-75'</p>
\n
\n</div>","<strong>Para un rostro más luminoso</strong>
\nMicro-exfoliación a nivel profundo que elimina las células muertas y reactiva la circulación en la zona, estimulando la formación de colágeno nuevo y la regeneración celular. Atenúa las cicatrices del acné, disminuye las arrugas, cierra los poros muy dilatados y consigue un tono más luminoso.
\n<div class=""priced-title"">
\n<p class=""title post-title primary"">Duración: 60'-75'</p>
\n
\n</div>",,,taxable,,1,,,0,0,,,,,1,,,40,"BELLEZA FACIAL / HIGIENE - por persona, BELLEZA FACIAL / HIGIENE - por persona > Higiene facial con ultrasonidos",Belleza facial,,https://cumbriabienestar.es/wp-content/uploads/2024/08/154902.jpg,,,,,,,,,0,,,,,,,,,default,default,default,default,default,,90,1,14,,,,,,set,,,,,,,,,,,,,,,,,,,,,,,,,,,,,,,,,,,,,
6507,"simple, virtual",,,Higiene facial the cure,1,0,visible,"<strong>Cura enzimática desintoxicante de Natura Bissé</strong>
\nMeticuloso protocolo de limpieza basado en la desintoxicación enzimática termo-activa: calor enzimático para abrir y ablandar los poros y frescura botánica para cerrarlos y purificarlos. Incluye una mascarilla nano-estimulante que hidrata, calma y revitaliza.
\n<div class=""priced-title"">
\n<p class=""title post-title primary"">Duración: 60'-75'</p>
\n
\n</div>","<strong>Cura enzimática desintoxicante de Natura Bissé</strong>
\nMeticuloso protocolo de limpieza basado en la desintoxicación enzimática termo-activa: calor enzimático para abrir y ablandar los poros y frescura botánica para cerrarlos y purificarlos. Incluye una mascarilla nano-estimulante que hidrata, calma y revitaliza.
\n<div class=""priced-title"">
\n<p class=""title post-title primary"">Duración: 60'-75'</p>
\n
\n</div>",,,taxable,,1,,,0,0,,,,,1,,,70,"BELLEZA FACIAL / HIGIENE - por persona, BELLEZA FACIAL / HIGIENE - por persona > Higiene facial The Cure",Belleza facial,,https://cumbriabienestar.es/wp-content/uploads/2024/08/12893.jpg,,,,,,,,,0,,,,,,,,,default,default,default,default,default,,90,1,6,,,,,,set,,,,,,,,,,,,,,,,,,,,,,,,,,,,,,,,,,,,,
6511,"simple, virtual",,,Tratamiento Citrus Vita-Essence,1,0,visible,"<strong>Ritual Facial de Natura Bissé</strong>
\nTratamiento antioxidante 100%. Pura vitamina C que repara la piel maltratada por el sol, combatiendo los signos prematuros de envejecimiento. Las fórmulas utilizadas estimulan la producción de colágeno que renueva la firmeza y la elasticidad de la piel. El resultado final es un rostro radiante.
\n
\nDuración: 60'","<strong>Ritual Facial de Natura Bissé</strong>
\nTratamiento antioxidante 100%. Pura vitamina C que repara la piel maltratada por el sol, combatiendo los signos prematuros de envejecimiento. Las fórmulas utilizadas estimulan la producción de colágeno que renueva la firmeza y la elasticidad de la piel. El resultado final es un rostro radiante.
\n
\nDuración: 60'",,,taxable,,1,,,0,0,,,,,1,,,65,"BELLEZA FACIAL / TRATAMIENTOS – por persona, BELLEZA FACIAL / TRATAMIENTOS – por persona > Tratamiento Citrus Vita-Essence",Belleza facial,,https://cumbriabienestar.es/wp-content/uploads/2024/08/18316.jpg,,,,,,,,,0,,,,,,,,,default,default,default,default,default,,90,1,18,,,,,,set,,,,,,,,,,,,,,,,,,,,,,,,,,,,,,,,,,,,,
6515,variable,,,Tratamiento Lifting facial,1,0,visible,"<strong>Radiofrecuencia facial – Estimulación Regenerativa</strong>
\n
\nRecupera un cutis más terso y lleno de vida. Es un tratamiento con efecto regenerativo que mediante la bioestimulación de los tejidos, reequilibra el metabolismo celular, incrementa la circulación capilar y proporciona elasticidad. Luce un rostro hidratado y sin arrugas sin importar tu edad.","<strong>Radiofrecuencia facial – Estimulación Regenerativa</strong>
\n
\nRecupera un cutis más terso y lleno de vida. Es un tratamiento con efecto regenerativo que mediante la bioestimulación de los tejidos, reequilibra el metabolismo celular, incrementa la circulación capilar y proporciona elasticidad. Luce un rostro hidratado y sin arrugas sin importar tu edad.",,,taxable,,1,,,0,0,,,,,1,,,,"BELLEZA FACIAL / TRATAMIENTOS – por persona, BELLEZA FACIAL / TRATAMIENTOS – por persona > Tratamiento Lifting facial",Belleza facial,,https://cumbriabienestar.es/wp-content/uploads/2024/08/9319.jpg,,,,,,,,,0,,Tipo,"Lifting facial, Bono lifting facial 5 sesiones + 1 GRATIS",1,0,,,,default,default,default,default,default,,90,1,2,Tipo:Lifting facial,Tipo:Bono lifting facial 5 sesiones + 1 GRATIS,,,,set,,,,,,,,,,,,,,,,,,,,,,,,,,,,,,,,,,,,,
6516,"variation, virtual",,,Tratamiento Lifting facial - Lifting facial,1,0,visible,,,,,taxable,parent,1,,,0,0,,,,,0,,,"49,9",,,,https://cumbriabienestar.es/wp-content/uploads/2024/08/9319.jpg,,,id:6515,,,,,,1,,Tipo,Lifting facial,,0,,,,,,,,,,,,,,,,,,,,,,,,,,,,,,,,,,,,,,,,,,,,,,,,,,,,,,,
6517,"variation, virtual",,,Tratamiento Lifting facial - Bono lifting facial 5 sesiones + 1 GRATIS,1,0,visible,,,,,taxable,parent,1,,,0,0,,,,,0,,,250,,,,https://cumbriabienestar.es/wp-content/uploads/2024/08/9319.jpg,,,id:6515,,,,,,2,,Tipo,Bono lifting facial 5 sesiones + 1 GRATIS,,0,,,,,,,,,,,,,,,,,,,,,,,,,,,,,,,,,,,,,,,,,,,,,,,,,,,,,,,
6519,variable,,,Masaje Relax,1,0,visible,"<strong>Equilibrio y relajación completa</strong>
\n
\nEl masaje relax relaja los músculos y disminuye la presión sanguínea y el ritmo cardíaco. Logrará que nos desconectemos por unos instantes de la rutina y estrés diario, mejorando la tensión física y psíquica, cansancio crónico, bloqueos musculares, dolores de cabeza, insomnio…","<strong>Equilibrio y relajación completa</strong>
\n
\nEl masaje relax relaja los músculos y disminuye la presión sanguínea y el ritmo cardíaco. Logrará que nos desconectemos por unos instantes de la rutina y estrés diario, mejorando la tensión física y psíquica, cansancio crónico, bloqueos musculares, dolores de cabeza, insomnio…",,,taxable,,1,,,0,0,,,,,1,,,,"BELLEZA CORPORAL - Masajes - por persona, BELLEZA CORPORAL - Masajes - por persona > Masaje Relax",Belleza corporal,,https://cumbriabienestar.es/wp-content/uploads/2024/08/7516.jpg,,,,,,,,,0,,Tipo,"Sesión de 30', Sesión de 60', BONO 5 Sesiones de 30' + 1 GRATIS, BONO 5 Sesiones de 60' + 1 GRATIS",1,0,,,,default,default,default,default,default,439,90,1,12,Tipo:Sesión de 30',Tipo:Sesión de 60',Tipo:BONO 5 Sesiones de 30' + 1 GRATIS,Tipo:BONO 5 Sesiones de 60' + 1 GRATIS,,set,,,,,,,,,,,,,,,,,,,,,,,,,,,,,,,,,,,,,
6520,"variation, virtual",,,Masaje Relax - Sesión de 30',1,0,visible,,,,,taxable,parent,1,,,0,0,,,,,0,,,32,,,,https://cumbriabienestar.es/wp-content/uploads/2024/08/7516.jpg,,,id:6519,,,,,,1,,Tipo,Sesión de 30',,0,,,,,,,,,,,,1,,,,,,,,1,,,,,,,,,,,,,,,,,,,,,,,,,,,,,,,,,,,
6521,"variation, virtual",,,Masaje Relax - Sesión de 60',1,0,visible,,,,,taxable,parent,1,,,0,0,,,,,0,,,52,,,,https://cumbriabienestar.es/wp-content/uploads/2024/08/7516.jpg,,,id:6519,,,,,,2,,Tipo,Sesión de 60',,0,,,,,,,,,,,,,,,,,,,,,,,,,,,,,,,,,,,,,,,,,,,,,,,,,,,,,,,
6522,"variation, virtual",,,Masaje Relax - BONO 5 Sesiones de 30' + 1 GRATIS,1,0,visible,,,,,taxable,parent,1,,,0,0,,,,,0,,,160,,,,https://cumbriabienestar.es/wp-content/uploads/2024/08/7516.jpg,,,id:6519,,,,,,3,,Tipo,BONO 5 Sesiones de 30' + 1 GRATIS,,0,,,,,,,,,,,,,,,,,,,,,,,,,,,,,,,,,,,,,,,,,,,,,,,,,,,,,,,
6523,"variation, virtual",,,Masaje Relax - BONO 5 Sesiones de 60' + 1 GRATIS,1,0,visible,,,,,taxable,parent,1,,,0,0,,,,,0,,,260,,,,https://cumbriabienestar.es/wp-content/uploads/2024/08/7516.jpg,,,id:6519,,,,,,4,,Tipo,BONO 5 Sesiones de 60' + 1 GRATIS,,0,,,,,,,,,,,,,,,,,,,,,,,,,,,,,,,,,,,,,,,,,,,,,,,,,,,,,,,
6525,"simple, virtual",,,Masaje a 4 manos,1,0,visible,"<strong>Germaine de Capuccini Sperience</strong>
\n
\nMasaje realizado por dos masajistas perfectamente sincronizados, que brindan una relajación total con una sensación única. Imagínate cuatro manos expertas trabajando a la vez sobre tus músculos con una coordinación que permite la eliminación de contracturas, molestias…
\n<div class=""priced-title"">
\n<p class=""title post-title primary"">Duración: 60'</p>
\n
\n</div>","<strong>Germaine de Capuccini Sperience</strong>
\n
\nMasaje realizado por dos masajistas perfectamente sincronizados, que brindan una relajación total con una sensación única. Imagínate cuatro manos expertas trabajando a la vez sobre tus músculos con una coordinación que permite la eliminación de contracturas, molestias…
\n<div class=""priced-title"">
\n<p class=""title post-title primary"">Duración: 60'</p>
\n
\n</div>",,,taxable,,1,,,0,0,,,,,1,,,90,"BELLEZA CORPORAL - Masajes - por persona, BELLEZA CORPORAL - Masajes - por persona > Masaje a 4 manos",Belleza corporal,,https://cumbriabienestar.es/wp-content/uploads/2024/08/540601.jpg,,,,,,,,,0,,,,,,,,,default,default,default,default,default,440,90,1,7,,,,,,set,,,,,,,,,,,,,,,,,,,,,,,,,,,,,,,,,,,,,
6527,variable,,,Masaje en Pareja,1,0,visible,"<strong>Equilibrio y relajación compartida</strong>
\n
\nDisfruta de un tiempo de relax en compañía.
\n
\nSe realizará en nuestra sala privada VIP.","<strong>Equilibrio y relajación compartida</strong>
\n
\nDisfruta de un tiempo de relax en compañía.
\n
\nSe realizará en nuestra sala privada VIP.",,,taxable,,1,,,0,0,,,,,1,,,,"BELLEZA CORPORAL - Masajes - por persona, BELLEZA CORPORAL - Masajes - por persona > Masaje En Pareja",Belleza corporal,,https://cumbriabienestar.es/wp-content/uploads/2024/08/407-1.jpg,,,,,,,,,0,,Tipo,"Sesión de 30', Sesión de 60'",1,0,,,,default,default,default,default,default,441,90,1,24,Tipo:Sesión de 30',Tipo:Sesión de 60',,,,set,,,,,,,,,,,,,,,,,,,,,,,,,,,,,,,,,,,,,
6528,"variation, virtual",,,Masaje en Pareja - Sesión de 30',1,0,visible,,Masaje en pareja 30’,,,taxable,parent,1,,,0,0,,,,,0,,,75,,,,https://cumbriabienestar.es/wp-content/uploads/2024/08/407-1.jpg,,,id:6527,,,,,,1,,Tipo,Sesión de 30',,0,,,,,,,,,,,,,,,,,,,,,,,,,,,,,,,,,,,,,,,,,,,,,,,,,,,,,,,
6529,"variation, virtual",,,Masaje en Pareja - Sesión de 60',1,0,visible,,Masaje en pareja 60’,,,taxable,parent,1,,,0,0,,,,,0,,,115,,,,https://cumbriabienestar.es/wp-content/uploads/2024/08/407-1.jpg,,,id:6527,,,,,,2,,Tipo,Sesión de 60',,0,,,,,,,,,,,,,,,,,,,,,,,,,,,,,,,,,,,,,,,,,,,,,,,,,,,,,,,
6531,"simple, virtual",,,Quiromasaje de espalda,1,0,visible,"<strong>Completa relajación y equilibrio</strong>
\n
\nMejora de la movilidad y elasticidad de los músculos tensionados, disminuye la fatiga física, previene enfermedades musculares producto de la mala postura corporal, aumenta la circulación sanguínea, mejorando la oxigenación muscular y favorece el sistema nervioso.
\n<p class=""title post-title primary"">Duración: 30'</p>","<strong>Completa relajación y equilibrio</strong>
\n
\nMejora de la movilidad y elasticidad de los músculos tensionados, disminuye la fatiga física, previene enfermedades musculares producto de la mala postura corporal, aumenta la circulación sanguínea, mejorando la oxigenación muscular y favorece el sistema nervioso.
\n<p class=""title post-title primary"">Duración: 30'</p>",,,taxable,,1,,,0,0,,,,,1,,,40,"BELLEZA CORPORAL - Masajes - por persona, BELLEZA CORPORAL - Masajes - por persona > Quiromasaje de Espalda",Belleza corporal,,https://cumbriabienestar.es/wp-content/uploads/2024/08/369135.jpg,,,,,,,,,0,,,,,,,,,default,default,default,default,default,442,90,1,7,,,,,,set,,,,,,,,,,,,,,,,,,,,,,,,,,,,,,,,,,,,,
6533,"simple, virtual",,,Piernas cansadas,1,0,visible,"<strong>Bienestar y rejuvenecimiento para tus piernas</strong>
\n
\nEl masaje ayuda a mitigar la pesadez, una acción relajante y refrescante para tus piernas. Alivia el dolor y previene los problemas circulatorios. De la punta del pie hasta las caderas eliminará todo su cansancio.
\n<p class=""title post-title primary"">Duración: 30'</p>","<strong>Bienestar y rejuvenecimiento para tus piernas</strong>
\n
\nEl masaje ayuda a mitigar la pesadez, una acción relajante y refrescante para tus piernas. Alivia el dolor y previene los problemas circulatorios. De la punta del pie hasta las caderas eliminará todo su cansancio.
\n<p class=""title post-title primary"">Duración: 30'</p>",,,taxable,,1,,,0,0,,,,,1,,,35,"BELLEZA CORPORAL - Masajes - por persona, BELLEZA CORPORAL - Masajes - por persona > Piernas Cansadas",Belleza corporal,,https://cumbriabienestar.es/wp-content/uploads/2024/08/2147821127.jpg,,,,,,,,,0,,,,,,,,,default,default,default,default,default,443,90,1,14,,,,,,set,,,,,,,,,,,,,,,,,,,,,,,,,,,,,,,,,,,,,
6537,"simple, virtual",,,Masaje Craneo-facial y espalda,1,0,visible,"<strong>Completo equilibrio y relajación</strong>
\n
\nComplementa los beneficios del Masaje cráneo-facial y alivia las tensiones que se acumulan en tu espalda. Perfecto para aquellas personas que padecen de estrés, que tienen una vida agitada y necesitan despegarse un poco de la rutina con un buen masaje, que además le vendrá maravillosamente bien para aliviar tensiones y olvidarse de la rutina.
\n
\nDuración: 30'","<strong>Completo equilibrio y relajación</strong>
\n
\nComplementa los beneficios del Masaje cráneo-facial y alivia las tensiones que se acumulan en tu espalda. Perfecto para aquellas personas que padecen de estrés, que tienen una vida agitada y necesitan despegarse un poco de la rutina con un buen masaje, que además le vendrá maravillosamente bien para aliviar tensiones y olvidarse de la rutina.
\n
\nDuración: 30'",,,taxable,,1,,,0,0,,,,,1,,,35,"BELLEZA CORPORAL - Masajes - por persona, BELLEZA CORPORAL - Masajes - por persona > Masaje Craneo-facial y espalda",Belleza corporal,,https://cumbriabienestar.es/wp-content/uploads/2024/08/45562.jpg,,,,,,,,,0,,,,,,,,,default,default,default,default,default,444,90,1,14,,,,,,set,,,,,,,,,,,,,,,,,,,,,,,,,,,,,,,,,,,,,
6539,"simple, virtual",,,Masaje Pomaikai,1,0,visible,"<strong>Exclusivo en Cumbria Bienestar</strong>
\n<h4>“Recibir un masaje Pomaikai es como sentir el suave balanceo de las olas del mar sobre el cuerpo”</h4>
\nNace de la fusión del masaje hawaiano y técnicas propias creadas por nuestros terapeutas. Se actúa sobre las áreas distales del cuerpo, tratando distintas zonas al mismo tiempo, consiguiendo que la mente se deje llevar… Una terapia que trata al mismo tiempo los niveles físico, emocional, mental y espiritual, logrando una suave pero intensa relajación.
\nEstimula la circulación sanguínea y el drenaje de fluidos, aporta una mayor flexibilidad a los músculos y fortalece el sistema inmunológico.
\n<div class=""priced-title"">
\n<p class=""title post-title primary"">Duración: 30'</p>
\n
\n</div>","<strong>Exclusivo en Cumbria Bienestar</strong>
\n<h4>“Recibir un masaje Pomaikai es como sentir el suave balanceo de las olas del mar sobre el cuerpo”</h4>
\nNace de la fusión del masaje hawaiano y técnicas propias creadas por nuestros terapeutas. Se actúa sobre las áreas distales del cuerpo, tratando distintas zonas al mismo tiempo, consiguiendo que la mente se deje llevar… Una terapia que trata al mismo tiempo los niveles físico, emocional, mental y espiritual, logrando una suave pero intensa relajación.
\nEstimula la circulación sanguínea y el drenaje de fluidos, aporta una mayor flexibilidad a los músculos y fortalece el sistema inmunológico.
\n<div class=""priced-title"">
\n<p class=""title post-title primary"">Duración: 30'</p>
\n
\n</div>",,,taxable,,1,,,0,0,,,,,1,,,40,"BELLEZA CORPORAL - Masajes - por persona, BELLEZA CORPORAL - Masajes - por persona > Masaje POMAIKAI",Belleza corporal,,https://cumbriabienestar.es/wp-content/uploads/2024/08/509589.jpg,,,,,,,,,0,,,,,,,,,default,default,default,default,default,445,90,1,16,,,,,,set,,1,,,,,,,,,,,,,,,,,,,,,,,,,,,,,,,,,,,
6541,simple,,,Masaje con Cañas de Bambú,1,0,visible,"<strong>Original de la medicina oriental</strong>
\n
\nMasaje que se sirve de la elasticidad y robustez de las cañas de bambú para conseguir un estado de relajación absoluto y liberar las tensiones acumuladas. Esta terapia favorece el drenaje de líquidos retenidos y la regeneración de los tejidos, por lo que combate la grasa localizada y reafirma la piel. Es decir, elimina toxinas, reactiva los trastornos circulatorios, mejora la circulación sanguínea, combate la celulitis y remodela la silueta.
\n<div class=""priced-title"">
\n<p class=""title post-title primary"">Duración: 30'</p>
\n
\n</div>","<strong>Original de la medicina oriental</strong>
\n
\nMasaje que se sirve de la elasticidad y robustez de las cañas de bambú para conseguir un estado de relajación absoluto y liberar las tensiones acumuladas. Esta terapia favorece el drenaje de líquidos retenidos y la regeneración de los tejidos, por lo que combate la grasa localizada y reafirma la piel. Es decir, elimina toxinas, reactiva los trastornos circulatorios, mejora la circulación sanguínea, combate la celulitis y remodela la silueta.
\n<div class=""priced-title"">
\n<p class=""title post-title primary"">Duración: 30'</p>
\n
\n</div>",,,taxable,,1,,,0,0,,,,,1,,,40,"BELLEZA CORPORAL - Masajes - por persona, BELLEZA CORPORAL - Masajes - por persona > Masaje con Cañas de Bambú",Belleza corporal,,https://cumbriabienestar.es/wp-content/uploads/2024/08/157666.jpg,,,,,,,,,0,,,,,,,,,default,default,default,default,default,447,90,1,9,,,,,,set,,,,,,,,,,,,,,,,,,,,,,,,,,,,,,,,,,,,,
6543,"simple, virtual",,,Masaje con Piedras Volcánicas,1,0,visible,"<strong>Original de la medicina oriental</strong>
\n
\nCombinando el masaje terapéutico tradicional con el contacto de las piedras volcánicas calientes estimulamos el riego sanguíneo relajando el cuerpo a un nivel profundo. Mejora el dolor crónico de espalda y cuello, reduce el estrés y ayuda en casos de ansiedad, depresión y migrañas. Ayuda a relajarse y dormir mejor.
\n<div class=""priced-title"">
\n<p class=""title post-title primary"">Duración: 30'</p>
\n
\n</div>","<strong>Original de la medicina oriental</strong>
\n
\nCombinando el masaje terapéutico tradicional con el contacto de las piedras volcánicas calientes estimulamos el riego sanguíneo relajando el cuerpo a un nivel profundo. Mejora el dolor crónico de espalda y cuello, reduce el estrés y ayuda en casos de ansiedad, depresión y migrañas. Ayuda a relajarse y dormir mejor.
\n<div class=""priced-title"">
\n<p class=""title post-title primary"">Duración: 30'</p>
\n
\n</div>",,,taxable,,1,,,0,0,,,,,1,,,45,"BELLEZA CORPORAL - Masajes - por persona, BELLEZA CORPORAL - Masajes - por persona > Masaje con Piedras Volcánicas",Belleza corporal,,https://cumbriabienestar.es/wp-content/uploads/2024/08/518810.jpg,,,,,,,,,0,,,,,,,,,default,default,default,default,default,448,90,1,12,,,,,,set,,,,,,,,,,,,,,,,,,,,,,,,,,,,,,,,,,,,,
6545,"simple, virtual",,,Masaje Balinés,1,0,visible,"Masaje procedente de Indonesia, particularmente de la isla de Bali. La característica principal del masaje tradicional balinés es su eficaz y potente efecto terapéutico, sanador y de relajación, produciendo en quien lo recibe un efecto inmediato de bienestar físico y mental.
\n<div class=""priced-title"">
\n<p class=""title post-title primary"">Duración: 30'</p>
\n
\n</div>","Masaje procedente de Indonesia, particularmente de la isla de Bali. La característica principal del masaje tradicional balinés es su eficaz y potente efecto terapéutico, sanador y de relajación, produciendo en quien lo recibe un efecto inmediato de bienestar físico y mental.
\n<div class=""priced-title"">
\n<p class=""title post-title primary"">Duración: 30'</p>
\n
\n</div>",,,taxable,,1,,,0,0,,,,,1,,,40,"BELLEZA CORPORAL - Masajes - por persona, BELLEZA CORPORAL - Masajes - por persona > Masaje BALINÉS",Belleza corporal,,https://cumbriabienestar.es/wp-content/uploads/2024/08/45471.jpg,,,,,,,,,0,,,,,,,,,default,default,default,default,default,446,90,1,8,,,,,,set,,,,,,,,,,,,,,,,,,,,,,,,,,,,,,,,,,,,,
6549,"simple, virtual",,,Envoltura Vitamina C,1,0,visible,"<strong>Antioxidante y Reafirmante de Natura Bissé</strong>
\n
\nRecibe todos los beneficios del concentrado antioxidante y reafirmante con pura Vitamina C de Natura Bissé. Protege la piel ante la sequedad y el envejecimiento prematuro otorgándole un aspecto rejuvenecido y reafirmado.","<strong>Antioxidante y Reafirmante de Natura Bissé</strong>
\n
\nRecibe todos los beneficios del concentrado antioxidante y reafirmante con pura Vitamina C de Natura Bissé. Protege la piel ante la sequedad y el envejecimiento prematuro otorgándole un aspecto rejuvenecido y reafirmado.",,,taxable,,1,,,0,0,,,,,1,,,40,"BELLEZA CORPORAL - Envolturas, BELLEZA CORPORAL - Envolturas > Envoltura Vitamina C",Belleza corporal,,https://cumbriabienestar.es/wp-content/uploads/2024/08/397137.jpg,,,,,,,,,0,,,,,,,,,default,default,default,default,default,452,90,1,3,,,,,,set,,,,,,,,,,,,,,,,,,,,,,,,,,,,,,,,,,,,,
6550,"simple, virtual",,,Envoltura de chocolate,1,0,visible,"<strong>Una experiencia única, sensible y energética</strong>
\n
\nEl chocolate tiene propiedades emolientes, nutritivas, hidratantes, protectoras y relajantes de la piel. La aplicación cálida de este producto, hace que la piel se renueve, luciendo completamente nutrida y revitalizada. El chocolate ayuda a la tonificación de los músculos y la piel es estimulada consiguiendo un tono saludable.
\n<div class=""priced-title"">
\n<p class=""title post-title primary"">Duración: 45'</p>
\n
\n</div>","<strong>Una experiencia única, sensible y energética</strong>
\n
\nEl chocolate tiene propiedades emolientes, nutritivas, hidratantes, protectoras y relajantes de la piel. La aplicación cálida de este producto, hace que la piel se renueve, luciendo completamente nutrida y revitalizada. El chocolate ayuda a la tonificación de los músculos y la piel es estimulada consiguiendo un tono saludable.
\n<div class=""priced-title"">
\n<p class=""title post-title primary"">Duración: 45'</p>
\n
\n</div>",,,taxable,,1,,,0,0,,,,,1,,,35,"BELLEZA CORPORAL - Envolturas, BELLEZA CORPORAL - Envolturas > Envoltura de Chocolate",Belleza corporal,,https://cumbriabienestar.es/wp-content/uploads/2024/08/32548.jpg,,,,,,,,,0,,,,,,,,,default,default,default,default,default,454,90,1,7,,,,,,set,,,,,,,,,,,,,,,,,,,,,,,,,,,,,,,,,,,,,
6551,"simple, virtual",,,Envoltura de Oro,1,0,visible,"<strong>Previene el envejecimiento prematuro de la piel</strong>
\n
\nLas partículas microactivas de oro actúan regenerando e hidratando la piel en profundidad. Tienen un efecto tensor inmediato y potencian la luminosidad. Además son un gran regenerante y estimulan la capacidad celular contra los radicales libres.","<strong>Previene el envejecimiento prematuro de la piel</strong>
\n
\nLas partículas microactivas de oro actúan regenerando e hidratando la piel en profundidad. Tienen un efecto tensor inmediato y potencian la luminosidad. Además son un gran regenerante y estimulan la capacidad celular contra los radicales libres.",,,taxable,,1,,,0,0,,,,,1,,,40,"BELLEZA CORPORAL - Envolturas, BELLEZA CORPORAL - Envolturas > Envoltura de Oro",Belleza corporal,,https://cumbriabienestar.es/wp-content/uploads/2024/08/46410.jpg,,,,,,,,,0,,,,,,,,,default,default,default,default,default,455,90,1,17,,,,,,set,,,,,,,,,,,,,,,,,,,,,,,,,,,,,,,,,,,,,
6552,"simple, virtual",,,Envoltura de Cereza,1,0,visible,"<strong>Fango rico en minerales y vitaminas B y C</strong>
\n
\nExcelente antioxidante que protege contra los radicales libres, causantes de envejecimiento.","<strong>Fango rico en minerales y vitaminas B y C</strong>
\n
\nExcelente antioxidante que protege contra los radicales libres, causantes de envejecimiento.",,,taxable,,1,,,0,0,,,,,1,,,35,"BELLEZA CORPORAL - Envolturas, BELLEZA CORPORAL - Envolturas > Envoltura de Cereza",Belleza corporal,,https://cumbriabienestar.es/wp-content/uploads/2024/08/2147816926.jpg,,,,,,,,,0,,,,,,,,,default,default,default,default,default,453,90,1,8,,,,,,set,,,,,,,,,,,,,,,,,,,,,,,,,,,,,,,,,,,,,
6559,variable,,,Presoterapia,1,0,visible,"<strong>PRESOTERAPIA. Piernas sanas y bonitas
\n</strong>
\n
\n– Eliminación de líquidos y toxinas.
\n
\n– Mejora del sistema circulatorio.
\n
\n– Drenaje linfático y mejora de varices.
\n
\n– Prevención y reducción de celulitis.
\n
\n– Tratamientos relajantes y estimulantes.","<strong>PRESOTERAPIA. Piernas sanas y bonitas
\n</strong>
\n
\n– Eliminación de líquidos y toxinas.
\n
\n– Mejora del sistema circulatorio.
\n
\n– Drenaje linfático y mejora de varices.
\n
\n– Prevención y reducción de celulitis.
\n
\n– Tratamientos relajantes y estimulantes.",,,taxable,,1,,,0,0,,,,,1,,,,"BELLEZA CORPORAL - Tratamientos, BELLEZA CORPORAL - Tratamientos > Presoterapia",Belleza corporal,,https://cumbriabienestar.es/wp-content/uploads/2024/08/25923.jpg,,,,,,,,,0,,Tipo,"Sesión suelta, Bono 5 sesiones, Bono 10 sesiones",1,0,,,,default,default,default,default,default,401,90,1,10,Tipo:Sesión suelta,Tipo:Bono 5 sesiones,Tipo:Bono 10 sesiones,,,set,,,,,,,,,,,,,,,,,,,,,,,,,,,,,,,,,,,,,
6560,"variation, virtual",,,Presoterapia - Sesión suelta,1,0,visible,,,,,taxable,parent,1,,,0,0,,,,,0,,,15,,,,https://cumbriabienestar.es/wp-content/uploads/2024/08/25923.jpg,,,id:6559,,,,,,1,,Tipo,Sesión suelta,,0,,,,,,,,,,,,,,,,,,,,,,,,,,,,,,,,,,,,,,,,,,,,,,,,,,,,,,,
6561,"variation, virtual",,,Presoterapia - Bono 5 sesiones,1,0,visible,,,,,taxable,parent,1,,,0,0,,,,,0,,,60,,,,https://cumbriabienestar.es/wp-content/uploads/2024/08/25923.jpg,,,id:6559,,,,,,2,,Tipo,Bono 5 sesiones,,0,,,,,,,,,,,,,,,,,,,,,,,,,,,,,,,,,,,,,,,,,,,,,,,,,,,,,,,
6562,"variation, virtual",,,Presoterapia - Bono 10 sesiones,1,0,visible,,,,,taxable,parent,1,,,0,0,,,,,0,,,100,,,,https://cumbriabienestar.es/wp-content/uploads/2024/08/25923.jpg,,,id:6559,,,,,,3,,Tipo,Bono 10 sesiones,,0,,,,,,,,,,,,,,,,,,,,,,,,,,,,,,,,,,,,,,,,,,,,,,,,,,,,,,,
6565,variable,,,Fotodepilación,1,0,visible,"<strong>La opción definitiva</strong>
\n
\nLa fotodepilación te permitirá despedirte definitivamente de ese vello no deseado. Consigue eliminar el vello y mejorar la calidad de tu piel en muy poco tiempo y con un método lleno de ventajas… Es indoloro, rápido y efectivo, con resultados permanentes. Está recomendado para todo tipo de piel y de pelo, ya que es totalmente seguro y no invasivo. Olvídate de los métodos tradicionales de depilación y disfruta siempre de una piel perfecta.","<strong>La opción definitiva</strong>
\n
\n[elementor-template id=""7016""]",,,taxable,,1,,,0,0,,,,,1,,,,BELLEZA - IMAGEN Depilación,Estética e Imagen,,https://cumbriabienestar.es/wp-content/uploads/2024/08/559.jpg,,,,,,,,,0,,Tipo,"Fotodepilación facial\, manos\, pies o zonas pequeñas, Fotodepilación abdomen\, glúteos\, ingles\, cuello o nuca, Fotodepilación pecho\, lumbar\, hombros\, axilas o brazos, Fotodepilación medias piernas, Fotodepilación piernas enteras o espalda, Pack 1: Piernas\, ingles y axilas, Pack 2: 1/2 piernas\, ingles y axilas, Pack 3: Torax y espalda, Pack 4: Brazos\, ingles y axilas, Pack 5: Ingles y axilas",1,0,,,,default,default,default,default,default,404,,1,1,"Tipo:Fotodepilación facial, manos, pies o zonas pequeñas","Tipo:Fotodepilación abdomen, glúteos, ingles, cuello o nuca","Tipo:Fotodepilación pecho, lumbar, hombros, axilas o brazos",Tipo:Fotodepilación medias piernas,,set,,,Tipo:Fotodepilación piernas enteras o espalda,"Tipo:Pack 1: Piernas, ingles y axilas","Tipo:Pack 2: 1/2 piernas, ingles y axilas",Tipo:Pack 3: Torax y espalda,"Tipo:Pack 4: Brazos, ingles y axilas",Tipo:Pack 5: Ingles y axilas,,,,,,,,,,,,,,,,,,,,,,,,,,,,,
6575,"variation, virtual",,,"Fotodepilación - Fotodepilación facial, manos, pies o zonas pequeñas",1,0,visible,,,,,taxable,parent,1,,,0,0,,,,,0,,,20,,,,https://cumbriabienestar.es/wp-content/uploads/2024/08/559.jpg,,,id:6565,,,,,,1,,Tipo,"Fotodepilación facial\, manos\, pies o zonas pequeñas",,0,,,,,,,,,,,,,,,,,,,,,,,,,,,,,,,,,,,,,,,,,,,,,,,,,,,,,,,
6576,"variation, virtual",,,"Fotodepilación - Fotodepilación abdomen, glúteos, ingles, cuello o nuca",1,0,visible,,,,,taxable,parent,1,,,0,0,,,,,0,,,30,,,,https://cumbriabienestar.es/wp-content/uploads/2024/08/559.jpg,,,id:6565,,,,,,2,,Tipo,"Fotodepilación abdomen\, glúteos\, ingles\, cuello o nuca",,0,,,,,,,,,,,,,,,,,,,,,,,,,,,,,,,,,,,,,,,,,,,,,,,,,,,,,,,
6577,"variation, virtual",,,"Fotodepilación - Fotodepilación pecho, lumbar, hombros, axilas o brazos",1,0,visible,,,,,taxable,parent,1,,,0,0,,,,,0,,,30,,,,https://cumbriabienestar.es/wp-content/uploads/2024/08/559.jpg,,,id:6565,,,,,,3,,Tipo,"Fotodepilación pecho\, lumbar\, hombros\, axilas o brazos",,0,,,,,,,,,,,,,,,,,,,,,,,,,,,,,,,,,,,,,,,,,,,,,,,,,,,,,,,
6578,"variation, virtual",,,Fotodepilación - Fotodepilación medias piernas,1,0,visible,,,,,taxable,parent,1,,,0,0,,,,,0,,,35,,,,https://cumbriabienestar.es/wp-content/uploads/2024/08/559.jpg,,,id:6565,,,,,,4,,Tipo,Fotodepilación medias piernas,,0,,,,,,,,,,,,,,,,,,,,,,,,,,,,,,,,,,,,,,,,,,,,,,,,,,,,,,,
6579,"variation, virtual",,,Fotodepilación - Fotodepilación piernas enteras o espalda,1,0,visible,,,,,taxable,parent,1,,,0,0,,,,,0,,,60,,,,https://cumbriabienestar.es/wp-content/uploads/2024/08/559.jpg,,,id:6565,,,,,,5,,Tipo,Fotodepilación piernas enteras o espalda,,0,,,,,,,,,,,,,,,,,,,,,,,,,,,,,,,,,,,,,,,,,,,,,,,,,,,,,,,
6580,"variation, virtual",,,"Fotodepilación - Pack 1: Piernas, ingles y axilas",1,0,visible,,,,,taxable,parent,1,,,0,0,,,,,0,,,110,,,,https://cumbriabienestar.es/wp-content/uploads/2024/08/559.jpg,,,id:6565,,,,,,6,,Tipo,"Pack 1: Piernas\, ingles y axilas",,0,,,,,,,,,,,,,,,,,,,,,,,,,,,,,,,,,,,,,,,,,,,,,,,,,,,,,,,
6581,"variation, virtual",,,"Fotodepilación - Pack 2: 1/2 piernas, ingles y axilas",1,0,visible,,,,,taxable,parent,1,,,0,0,,,,,0,,,85,,,,https://cumbriabienestar.es/wp-content/uploads/2024/08/559.jpg,,,id:6565,,,,,,7,,Tipo,"Pack 2: 1/2 piernas\, ingles y axilas",,0,,,,,,,,,,,,,,,,,,,,,,,,,,,,,,,,,,,,,,,,,,,,,,,,,,,,,,,
6582,"variation, virtual",,,Fotodepilación - Pack 3: Torax y espalda,1,0,visible,,,,,taxable,parent,1,,,0,0,,,,,0,,,70,,,,https://cumbriabienestar.es/wp-content/uploads/2024/08/559.jpg,,,id:6565,,,,,,8,,Tipo,Pack 3: Torax y espalda,,0,,,,,,,,,,,,,,,,,,,,,,,,,,,,,,,,,,,,,,,,,,,,,,,,,,,,,,,
6583,"variation, virtual",,,"Fotodepilación - Pack 4: Brazos, ingles y axilas",1,0,visible,,,,,taxable,parent,1,,,0,0,,,,,0,,,85,,,,https://cumbriabienestar.es/wp-content/uploads/2024/08/559.jpg,,,id:6565,,,,,,9,,Tipo,"Pack 4: Brazos\, ingles y axilas",,0,,,,,,,,,,,,,,,,,,,,,,,,,,,,,,,,,,,,,,,,,,,,,,,,,,,,,,,
6584,"variation, virtual",,,Fotodepilación - Pack 5: Ingles y axilas,1,0,visible,,,,,taxable,parent,1,,,0,0,,,,,0,,,50,,,,https://cumbriabienestar.es/wp-content/uploads/2024/08/559.jpg,,,id:6565,,,,,,10,,Tipo,Pack 5: Ingles y axilas,,0,,,,,,,,,,,,,,,,,,,,,,,,,,,,,,,,,,,,,,,,,,,,,,,,,,,,,,,
6586,variable,,,Depilación con cera tibia,1,0,visible,"La cera tibia se ha impuesto sobre el resto por derecho propio. Sólo alcanza una temperatura ligeramente superior a la del cuerpo, suficiente como para abrir el poro, sin llegar a alterar la circulación ni dañar los capilares, como hace la cera caliente. Especialmente útil para las piernas.","[elementor-template id=""7035""]",,,taxable,,1,,,0,0,,,,,1,,,,BELLEZA - IMAGEN Depilación,Estética e Imagen,,https://cumbriabienestar.es/wp-content/uploads/2024/08/52075.jpg,,,,,,,,,0,,Género,"MUJER, HOMBRE",1,0,,,,default,default,default,default,default,404,,1,6,Género:MUJER,Género:HOMBRE,Depilacion:Piernas enteras,Depilacion:Medias piernas,,set,,,Depilacion:Muslos,Depilacion:Ingles o Axilas,Depilacion:Ingles Brasileñas,Depilacion:Ingles integrales,Depilacion:Brazos,Depilacion:Manos o Pies,Depilacion,"Piernas enteras, Medias piernas, Muslos, Ingles o Axilas, Ingles Brasileñas, Ingles integrales, Brazos, Manos o Pies, Pecho o Espalda Completa, Abdomen o Lumbares, Labio superior, Mentón, Cejas o Línea Alba",1,0,Depilacion:Pecho o Espalda Completa,Depilacion:Abdomen o Lumbares,Depilacion:Labio superior,Depilacion:Mentón,Depilacion:Cejas o Línea Alba,,,,,,,,,,,,,,,,,,,,
6589,"variation, virtual",,,"Depilación con cera tibia - MUJER, Piernas enteras",1,0,visible,,,,,taxable,parent,1,,,0,0,,,,,0,,,18,,,,https://cumbriabienestar.es/wp-content/uploads/2024/08/52075.jpg,,,id:6586,,,,,,1,,Género,MUJER,,0,,,,,,,,,,,,,,,,,,,,,,,,,,,Depilacion,Piernas enteras,,0,,,,,,,,,,,,,,,,,,,,,,,,,
6590,"variation, virtual",,,"Depilación con cera tibia - MUJER, Medias piernas",1,0,visible,,,,,taxable,parent,1,,,0,0,,,,,0,,,12,,,,https://cumbriabienestar.es/wp-content/uploads/2024/08/52075.jpg,,,id:6586,,,,,,2,,Género,MUJER,,0,,,,,,,,,,,,,,,,,,,,,,,,,,,Depilacion,Medias piernas,,0,,,,,,,,,,,,,,,,,,,,,,,,,
6591,"variation, virtual",,,"Depilación con cera tibia - MUJER, Muslos",1,0,visible,,,,,taxable,parent,1,,,0,0,,,,,0,,,14,,,,https://cumbriabienestar.es/wp-content/uploads/2024/08/52075.jpg,,,id:6586,,,,,,3,,Género,MUJER,,0,,,,,,,,,,,,,,,,,,,,,,,,,,,Depilacion,Muslos,,0,,,,,,,,,,,,,,,,,,,,,,,,,
6592,"variation, virtual",,,"Depilación con cera tibia - MUJER, Ingles o Axilas",1,0,visible,,,,,taxable,parent,1,,,0,0,,,,,0,,,7,,,,https://cumbriabienestar.es/wp-content/uploads/2024/08/52075.jpg,,,id:6586,,,,,,4,,Género,MUJER,,0,,,,,,,,,,,,,,,,,,,,,,,,,,,Depilacion,Ingles o Axilas,,0,,,,,,,,,,,,,,,,,,,,,,,,,
6593,"variation, virtual",,,"Depilación con cera tibia - MUJER, Ingles Brasileñas",1,0,visible,,,,,taxable,parent,1,,,0,0,,,,,0,,,12,,,,https://cumbriabienestar.es/wp-content/uploads/2024/08/52075.jpg,,,id:6586,,,,,,5,,Género,MUJER,,0,,,,,,,,,,,,,,,,,,,,,,,,,,,Depilacion,Ingles Brasileñas,,0,,,,,,,,,,,,,,,,,,,,,,,,,
6594,"variation, virtual",,,"Depilación con cera tibia - MUJER, Ingles integrales",1,0,visible,,,,,taxable,parent,1,,,0,0,,,,,0,,,20,,,,https://cumbriabienestar.es/wp-content/uploads/2024/08/52075.jpg,,,id:6586,,,,,,6,,Género,MUJER,,0,,,,,,,,,,,,,,,,,,,,,,,,,,,Depilacion,Ingles integrales,,0,,,,,,,,,,,,,,,,,,,,,,,,,
6595,"variation, virtual",,,"Depilación con cera tibia - MUJER, Brazos",1,0,visible,,,,,taxable,parent,1,,,0,0,,,,,0,,,12,,,,https://cumbriabienestar.es/wp-content/uploads/2024/08/52075.jpg,,,id:6586,,,,,,7,,Género,MUJER,,0,,,,,,,,,,,,,,,,,,,,,,,,,,,Depilacion,Brazos,,0,,,,,,,,,,,,,,,,,,,,,,,,,
6596,"variation, virtual",,,"Depilación con cera tibia - MUJER, Manos o Pies",1,0,visible,,,,,taxable,parent,1,,,0,0,,,,,0,,,6,,,,https://cumbriabienestar.es/wp-content/uploads/2024/08/52075.jpg,,,id:6586,,,,,,8,,Género,MUJER,,0,,,,,,,,,,,,,,,,,,,,,,,,,,,Depilacion,Manos o Pies,,0,,,,,,,,,,,,,,,,,,,,,,,,,
6597,"variation, virtual",,,"Depilación con cera tibia - MUJER, Pecho o Espalda Completa",1,0,visible,,,,,taxable,parent,1,,,0,0,,,,,0,,,15,,,,https://cumbriabienestar.es/wp-content/uploads/2024/08/52075.jpg,,,id:6586,,,,,,9,,Género,MUJER,,0,,,,,,,,,,,,,,,,,,,,,,,,,,,Depilacion,Pecho o Espalda Completa,,0,,,,,,,,,,,,,,,,,,,,,,,,,
6598,"variation, virtual",,,"Depilación con cera tibia - MUJER, Abdomen o Lumbares",1,0,visible,,,,,taxable,parent,1,,,0,0,,,,,0,,,10,,,,https://cumbriabienestar.es/wp-content/uploads/2024/08/52075.jpg,,,id:6586,,,,,,10,,Género,MUJER,,0,,,,,,,,,,,,,,,,,,,,,,,,,,,Depilacion,Abdomen o Lumbares,,0,,,,,,,,,,,,,,,,,,,,,,,,,
6599,"variation, virtual",,,"Depilación con cera tibia - MUJER, Labio superior",1,0,visible,,,,,taxable,parent,1,,,0,0,,,,,0,,,3,,,,https://cumbriabienestar.es/wp-content/uploads/2024/08/52075.jpg,,,id:6586,,,,,,11,,Género,MUJER,,0,,,,,,,,,,,,,,,,,,,,,,,,,,,Depilacion,Labio superior,,0,,,,,,,,,,,,,,,,,,,,,,,,,
6600,"variation, virtual",,,"Depilación con cera tibia - MUJER, Mentón",1,0,visible,,,,,taxable,parent,1,,,0,0,,,,,0,,,4,,,,https://cumbriabienestar.es/wp-content/uploads/2024/08/52075.jpg,,,id:6586,,,,,,12,,Género,MUJER,,0,,,,,,,,,,,,,,,,,,,,,,,,,,,Depilacion,Mentón,,0,,,,,,,,,,,,,,,,,,,,,,,,,
6601,"variation, virtual",,,"Depilación con cera tibia - MUJER, Cejas o Línea Alba",1,0,visible,,,,,taxable,parent,1,,,0,0,,,,,0,,,6,,,,https://cumbriabienestar.es/wp-content/uploads/2024/08/52075.jpg,,,id:6586,,,,,,13,,Género,MUJER,,0,,,,,,,,,,,,,,,,,,,,,,,,,,,Depilacion,Cejas o Línea Alba,,0,,,,,,,,,,,,,,,,,,,,,,,,,
6602,"variation, virtual",,,"Depilación con cera tibia - HOMBRE, Piernas enteras",1,0,visible,,,,,taxable,parent,1,,,0,0,,,,,0,,,25,,,,https://cumbriabienestar.es/wp-content/uploads/2024/08/2148224359.jpg,,,id:6586,,,,,,14,,Género,HOMBRE,,0,,,,,,,,,,,,,,,,,,,,,,,,,,,Depilacion,Piernas enteras,,0,,,,,,,,,,,,,,,,,,,,,,,,,
6603,"variation, virtual",,,"Depilación con cera tibia - HOMBRE, Pecho o Espalda Completa",1,0,visible,,,,,taxable,parent,1,,,0,0,,,,,0,,,20,,,,https://cumbriabienestar.es/wp-content/uploads/2024/08/2148224359.jpg,,,id:6586,,,,,,15,,Género,HOMBRE,,0,,,,,,,,,,,,,,,,,,,,,,,,,,,Depilacion,Pecho o Espalda Completa,,0,,,,,,,,,,,,,,,,,,,,,,,,,
6604,"variation, virtual",,,"Depilación con cera tibia - HOMBRE, Abdomen o Lumbares",1,0,visible,,,,,taxable,parent,1,,,0,0,,,,,0,,,12,,,,https://cumbriabienestar.es/wp-content/uploads/2024/08/2148224359.jpg,,,id:6586,,,,,,16,,Género,HOMBRE,,0,,,,,,,,,,,,,,,,,,,,,,,,,,,Depilacion,Abdomen o Lumbares,,0,,,,,,,,,,,,,,,,,,,,,,,,,
6605,"variation, virtual",,,"Depilación con cera tibia - HOMBRE, Ingles o Axilas",1,0,visible,,,,,taxable,parent,1,,,0,0,,,,,0,,,9,,,,https://cumbriabienestar.es/wp-content/uploads/2024/08/2148224359.jpg,,,id:6586,,,,,,17,,Género,HOMBRE,,0,,,,,,,,,,,,,,,,,,,,,,,,,,,Depilacion,Ingles o Axilas,,0,,,,,,,,,,,,,,,,,,,,,,,,,
6606,"variation, virtual",,,"Depilación con cera tibia - HOMBRE, Brazos",1,0,visible,,,,,taxable,parent,1,,,0,0,,,,,0,,,15,,,,https://cumbriabienestar.es/wp-content/uploads/2024/08/2148224359.jpg,,,id:6586,,,,,,18,,Género,HOMBRE,,0,,,,,,,,,,,,,,,,,,,,,,,,,,,Depilacion,Brazos,,0,,,,,,,,,,,,,,,,,,,,,,,,,
6608,variable,,,Rayos UVA,1,0,visible,"El tratamiento con rayos UVA ofrece un bronceado controlado y rápido mediante la exposición a luz ultravioleta en cabinas de bronceado. Este procedimiento mejora la apariencia de la piel, proporcionándole un tono bronceado uniforme. Se realiza bajo supervisión profesional, con protección ocular y siguiendo recomendaciones específicas para evitar riesgos como el envejecimiento prematuro de la piel y el aumento del riesgo de cáncer. Ideal para quienes buscan un bronceado estético sin la necesidad de exposición prolongada al sol.","El tratamiento con rayos UVA ofrece un bronceado controlado y rápido mediante la exposición a luz ultravioleta en cabinas de bronceado. Este procedimiento mejora la apariencia de la piel, proporcionándole un tono bronceado uniforme. Se realiza bajo supervisión profesional, con protección ocular y siguiendo recomendaciones específicas para evitar riesgos como el envejecimiento prematuro de la piel y el aumento del riesgo de cáncer. Ideal para quienes buscan un bronceado estético sin la necesidad de exposición prolongada al sol.",,,taxable,,1,,,0,0,,,,,1,,,,RAYOS UVA,Estética e Imagen,,https://cumbriabienestar.es/wp-content/uploads/2024/08/27776.jpg,,,,,,,,,0,,Tipo,"Sesión suelta, Bono 5 sesiones, Bono 10 sesiones",1,0,,,,default,default,default,default,default,405,90,1,2,Tipo:Sesión suelta,Tipo:Bono 5 sesiones,Tipo:Bono 10 sesiones,,,set,,,,,,,,,,,,,,,,,,,,,,,,,,,,,,,,,,,,,
6611,"variation, virtual",,,Rayos UVA - Sesión suelta,1,0,visible,,,,,taxable,parent,1,,,0,0,,,,,0,,,"4,5",,,,https://cumbriabienestar.es/wp-content/uploads/2024/08/27776.jpg,,,id:6608,,,,,,1,,Tipo,Sesión suelta,,0,,,,,,,,,,,,,,,,,,,,,,,,,,,,,,,,,,,,,,,,,,,,,,,,,,,,,,,
6613,"variation, virtual",,,Rayos UVA - Bono 10 sesiones,1,0,visible,,,,,taxable,parent,1,,,0,0,,,,,0,,,40,,,,https://cumbriabienestar.es/wp-content/uploads/2024/08/27776.jpg,,,id:6608,,,,,,3,,Tipo,Bono 10 sesiones,,0,,,,,,,,,,,,,,,,,,,,,,,,,,,,,,,,,,,,,,,,,,,,,,,,,,,,,,,
6614,variable,,,Manicura y Pedicura,1,0,visible,"Nuestras manos forman parte de nuestra carta de presentación ante los demás y debemos cuidarlas. Las uñas son las únicas joyas que permanecen, aun cuando el cuerpo está desnudo. La manicura y la pedicura te ayudarán a tener unas manos y unos pies más sanos y bonitos.","[elementor-template id=""7044""]",,,taxable,,1,,,0,0,,,,,1,,,,"BELLEZA - IMAGEN Maquillaje, BELLEZA - IMAGEN Maquillaje > Manicura y Pedicura",Estética e Imagen,,https://cumbriabienestar.es/wp-content/uploads/2024/08/2148766558.jpg,,,,,,,,,0,,Tipo,"Manicura básica, Manicura con parafina, Manicura Frances, Manicura + Esmaltado de uñas semi-permanente, Manicura + Esmaltado semi-permanente estilo Francesa, Decoración Artística de uñas (por uña), Esmaltado básico (solo pintar), Esmaltado estilo Francesa (solo pintar), Pedicura Básica, Pedicura con parafina, Pedicura Francesa, Pedicura + Esmaltado de uñas semi-permanente, Pedicura + Esmaltado semi-permanente estilo Francesa, Esmaltado semi-permanente de pies (solo pintar), Retirada Esmaltado semi-permanente",1,0,,,,default,default,default,default,default,466,,1,3,Tipo:Manicura básica,Tipo:Manicura con parafina,Tipo:Manicura Frances,Tipo:Manicura + Esmaltado de uñas semi-permanente,,set,,,Tipo:Manicura + Esmaltado semi-permanente estilo Francesa,Tipo:Decoración Artística de uñas (por uña),Tipo:Esmaltado básico (solo pintar),Tipo:Esmaltado estilo Francesa (solo pintar),Tipo:Pedicura Básica,Tipo:Pedicura con parafina,,,,,Tipo:Pedicura Francesa,Tipo:Pedicura + Esmaltado de uñas semi-permanente,Tipo:Pedicura + Esmaltado semi-permanente estilo Francesa,Tipo:Esmaltado semi-permanente de pies (solo pintar),Tipo:Retirada Esmaltado semi-permanente,,,,,,,,,,,,,,,,,,,,
6622,"variation, virtual",,,Manicura y Pedicura - Esmaltado básico (solo pintar),1,0,visible,,,,,taxable,parent,1,,,0,0,,,,,0,,,6,,,,https://cumbriabienestar.es/wp-content/uploads/2024/08/2148766558.jpg,,,id:6614,,,,,,3,,Tipo,Esmaltado básico (solo pintar),,0,,,,,,,,,,,,,,,,,,,,,,,,,,,,,,,,,,,,,,,,,,,,,,,,,,,,,,,
6623,"variation, virtual",,,Manicura y Pedicura - Manicura básica,1,0,visible,,,,,taxable,parent,1,,,0,0,,,,,0,,,12,,,,https://cumbriabienestar.es/wp-content/uploads/2024/08/2148766558.jpg,,,id:6614,,,,,,6,,Tipo,Manicura básica,,0,,,,,,,,,,,,,,,,,,,,,,,,,,,,,,,,,,,,,,,,,,,,,,,,,,,,,,,
6624,"variation, virtual",,,Manicura y Pedicura - Pedicura Básica,1,0,visible,,,,,taxable,parent,1,,,0,0,,,,,0,,,20,,,,https://cumbriabienestar.es/wp-content/uploads/2024/08/2148766558.jpg,,,id:6614,,,,,,4,,Tipo,Pedicura Básica,,0,,,,,,,,,,,,,,,,,,,,,,,,,,,,,,,,,,,,,,,,,,,,,,,,,,,,,,,
6626,"variation, virtual",,,Manicura y Pedicura - Pedicura Francesa,1,0,visible,,,,,taxable,parent,1,,,0,0,,,,,0,,,25,,,,https://cumbriabienestar.es/wp-content/uploads/2024/08/2148766558.jpg,,,id:6614,,,,,,5,,Tipo,Pedicura Francesa,,0,,,,,,,,,,,,,,,,,,,,,,,,,,,,,,,,,,,,,,,,,,,,,,,,,,,,,,,
6632,variable,,,Maquillaje,1,0,visible,"Los efectos especiales del maquillaje obran el milagro de dejar lucir una piel luminosa, una mirada brillante, una boca jugosa y unas mejillas sonrosadas. La inspiración y el sentido de la estética forman parte de nuestro método de trabajo. Camuflar ojeras, iluminar la dermis, agrandar la mirada, borrar los signos de cansancio, dibujar un óvalo facial definido, presentar una boca atractiva…","[elementor-template id=""7040""]",,,taxable,,1,,,0,0,,,,,1,,,,"BELLEZA - IMAGEN Maquillaje, BELLEZA - IMAGEN Maquillaje > Maquillaje",,,https://cumbriabienestar.es/wp-content/uploads/2024/08/2148398671.jpg,,,,,,,,,0,,Tipo,"Maquillaje de día, Maquillaje de fiesta, Maquillaje de novias, Maquillaje de hombre, NOVIA (Prueba + maquillaje de Boda + Ampolla flash)",1,0,,,,default,default,default,default,default,408,,1,,Tipo:Maquillaje de día,Tipo:Maquillaje de fiesta,Tipo:Maquillaje de novias,Tipo:Maquillaje de hombre,,set,,,Tipo:NOVIA (Prueba + maquillaje de Boda + Ampolla flash),,,,,,,,,,,,,,,,,,,,,,,,,,,,,,,,,,
6634,"variation, virtual",,,Maquillaje - Maquillaje de día,1,0,visible,,,,,taxable,parent,1,,,0,0,,,,,0,,,25,,,,https://cumbriabienestar.es/wp-content/uploads/2024/08/2148398671.jpg,,,id:6632,,,,,,1,,Tipo,Maquillaje de día,,0,,,,,,,,,,,,,,,,,,,,,,,,,,,,,,,,,,,,,,,,,,,,,,,,,,,,,,,
6635,"variation, virtual",,,Maquillaje - Maquillaje de fiesta,1,0,visible,,,,,taxable,parent,1,,,0,0,,,,,0,,,35,,,,https://cumbriabienestar.es/wp-content/uploads/2024/08/2148398671.jpg,,,id:6632,,,,,,2,,Tipo,Maquillaje de fiesta,,0,,,,,,,,,,,,,,,,,,,,,,,,,,,,,,,,,,,,,,,,,,,,,,,,,,,,,,,
6636,"variation, virtual",,,Maquillaje - Maquillaje de novias,1,0,visible,,,,,taxable,parent,1,,,0,0,,,,,0,,,50,,,,https://cumbriabienestar.es/wp-content/uploads/2024/08/2148398671.jpg,,,id:6632,,,,,,3,,Tipo,Maquillaje de novias,,0,,,,,,,,,,,,,,,,,,,,,,,,,,,,,,,,,,,,,,,,,,,,,,,,,,,,,,,
6637,"variation, virtual",,,Maquillaje - Maquillaje de hombre,1,0,visible,,,,,taxable,parent,1,,,0,0,,,,,0,,,20,,,,https://cumbriabienestar.es/wp-content/uploads/2024/08/2148398671.jpg,,,id:6632,,,,,,4,,Tipo,Maquillaje de hombre,,0,,,,,,,,,,,,,,,,,,,,,,,,,,,,,,,,,,,,,,,,,,,,,,,,,,,,,,,
6638,"variation, virtual",,,Maquillaje - NOVIA (Prueba + maquillaje de Boda + Ampolla flash),1,0,visible,,,,,taxable,parent,1,,,0,0,,,,,0,,,95,,,,https://cumbriabienestar.es/wp-content/uploads/2024/08/2148398671.jpg,,,id:6632,,,,,,5,,Tipo,NOVIA (Prueba + maquillaje de Boda + Ampolla flash),,0,,,,,,,,,,,,,,,,,,,,,,,,,,,,,,,,,,,,,,,,,,,,,,,,,,,,,,,
6639,variable,,,Peluquería,1,0,visible,,"[elementor-template id=""7048""]",,,taxable,,1,,,0,0,,,,,1,,,,BELLEZA IMAGEN - Peluquería > Peluquería,,,https://cumbriabienestar.es/wp-content/uploads/2024/08/2149230939.jpg,,,,,,,,,0,,Tipo,"MUJER, HOMBRE, NIÑOS, TRABAJOS TÉCNICOS, MECHAS, TRATAMIENTO HIDRATACIÓN",1,0,,,,default,default,default,default,default,409,,1,,Tipo:MUJER,Tipo:HOMBRE,Tipo:NIÑOS,Tipo:TRABAJOS TÉCNICOS,,set,,,Tipo:MECHAS,Tipo:TRATAMIENTO HIDRATACIÓN,Concepto:Lavar y peinar cabello corto,Concepto:Lavar y peinar cabello medio,Concepto:Lavar y peinar cabello largo,Concepto:Extra largo o Extensiones,Concepto,"Lavar y peinar cabello corto, Lavar y peinar cabello medio, Lavar y peinar cabello largo, Extra largo o Extensiones, Lavar\, cortar y peinar cabello corto, Lavar\, cortar y peinar cabello medio, Lavar\, cortar y peinar cabello largo, Lavar y cortar, Corte de flequillos, Recogido, Semi-recogido, Peinado Ondas, Corte caballero, Color caballero, Corte de bebé, Corte de niño (hasta 10 años), Corte de niña (hasta 10 años), Corte de niña con secado (hasta 10 años), Tinte y peinar cabello corto, Tinte y peinar cabello medio, Tinte y peinar cabello largo, Tinte y lavar cabello corto, Tinte y lavar cabello medio, Tinte y lavar cabello largo, Mechas y peinar cabello corto*, Mechas y peinar cabello largo*, * Suplemento Matiz o Doble mechas, Mechas y lavar, Reparador\, etc.",1,0,"Concepto:Lavar, cortar y peinar cabello corto","Concepto:Lavar, cortar y peinar cabello medio","Concepto:Lavar, cortar y peinar cabello largo",Concepto:Lavar y cortar,Concepto:Corte de flequillos,Concepto:Recogido,Concepto:Semi-recogido,Concepto:Peinado Ondas,Concepto:Corte caballero,Concepto:Color caballero,Concepto:Corte de bebé,Concepto:Corte de niño (hasta 10 años),Concepto:Corte de niña (hasta 10 años),Concepto:Corte de niña con secado (hasta 10 años),Concepto:Tinte y peinar cabello corto,Concepto:Tinte y peinar cabello medio,Concepto:Tinte y peinar cabello largo,Concepto:Tinte y lavar cabello corto,Concepto:Tinte y lavar cabello medio,Concepto:Tinte y lavar cabello largo,Concepto:Mechas y peinar cabello corto*,Concepto:Mechas y peinar cabello largo*,Concepto:* Suplemento Matiz o Doble mechas,Concepto:Mechas y lavar,"Concepto:Reparador, etc."
6643,"variation, virtual",,,"Peluquería - MUJER, Lavar y peinar cabello corto",1,0,visible,,,,,taxable,parent,1,,,0,0,,,,,0,,,13,,,,https://cumbriabienestar.es/wp-content/uploads/2024/08/2149230939.jpg,,,id:6639,,,,,,1,,Tipo,MUJER,,0,,,,,,,,,,,,,,,,,,,,,,,,,,,Concepto,Lavar y peinar cabello corto,,0,,,,,,,,,,,,,,,,,,,,,,,,,
6644,"variation, virtual",,,"Peluquería - MUJER, Lavar y peinar cabello medio",1,0,visible,,,,,taxable,parent,1,,,0,0,,,,,0,,,15,,,,https://cumbriabienestar.es/wp-content/uploads/2024/08/2149230939.jpg,,,id:6639,,,,,,2,,Tipo,MUJER,,0,,,,,,,,,,,,,,,,,,,,,,,,,,,Concepto,Lavar y peinar cabello medio,,0,,,,,,,,,,,,,,,,,,,,,,,,,
6645,"variation, virtual",,,"Peluquería - MUJER, Lavar y peinar cabello largo",1,0,visible,,,,,taxable,parent,1,,,0,0,,,,,0,,,18,,,,https://cumbriabienestar.es/wp-content/uploads/2024/08/2149230939.jpg,,,id:6639,,,,,,3,,Tipo,MUJER,,0,,,,,,,,,,,,,,,,,,,,,,,,,,,Concepto,Lavar y peinar cabello largo,,0,,,,,,,,,,,,,,,,,,,,,,,,,
6646,"variation, virtual",,,"Peluquería - MUJER, Extra largo o Extensiones",1,0,visible,,,,,taxable,parent,1,,,0,0,,,,,0,,,20,,,,https://cumbriabienestar.es/wp-content/uploads/2024/08/2149230939.jpg,,,id:6639,,,,,,4,,Tipo,MUJER,,0,,,,,,,,,,,,,,,,,,,,,,,,,,,Concepto,Extra largo o Extensiones,,0,,,,,,,,,,,,,,,,,,,,,,,,,
6647,"variation, virtual",,,"Peluquería - MUJER, Lavar, cortar y peinar cabello corto",1,0,visible,,,,,taxable,parent,1,,,0,0,,,,,0,,,27,,,,https://cumbriabienestar.es/wp-content/uploads/2024/08/2149230939.jpg,,,id:6639,,,,,,5,,Tipo,MUJER,,0,,,,,,,,,,,,,,,,,,,,,,,,,,,Concepto,"Lavar\, cortar y peinar cabello corto",,0,,,,,,,,,,,,,,,,,,,,,,,,,
6648,"variation, virtual",,,"Peluquería - MUJER, Lavar, cortar y peinar cabello medio",1,0,visible,,,,,taxable,parent,1,,,0,0,,,,,0,,,30,,,,https://cumbriabienestar.es/wp-content/uploads/2024/08/2149230939.jpg,,,id:6639,,,,,,6,,Tipo,MUJER,,0,,,,,,,,,,,,,,,,,,,,,,,,,,,Concepto,"Lavar\, cortar y peinar cabello medio",,0,,,,,,,,,,,,,,,,,,,,,,,,,
6649,"variation, virtual",,,"Peluquería - MUJER, Lavar y peinar cabello largo",1,0,visible,,,,,taxable,parent,1,,,0,0,,,,,0,,,33,,,,https://cumbriabienestar.es/wp-content/uploads/2024/08/2149230939.jpg,,,id:6639,,,,,,7,,Tipo,MUJER,,0,,,,,,,,,,,,,,,,,,,,,,,,,,,Concepto,Lavar y peinar cabello largo,,0,,,,,,,,,,,,,,,,,,,,,,,,,
6650,"variation, virtual",,,"Peluquería - MUJER, Lavar y cortar",1,0,visible,,,,,taxable,parent,1,,,0,0,,,,,0,,,18,,,,https://cumbriabienestar.es/wp-content/uploads/2024/08/2149230939.jpg,,,id:6639,,,,,,8,,Tipo,MUJER,,0,,,,,,,,,,,,,,,,,,,,,,,,,,,Concepto,Lavar y cortar,,0,,,,,,,,,,,,,,,,,,,,,,,,,
6651,"variation, virtual",,,"Peluquería - MUJER, Corte de flequillos",1,0,visible,,,,,taxable,parent,1,,,0,0,,,,,0,,,5,,,,https://cumbriabienestar.es/wp-content/uploads/2024/08/2149230939.jpg,,,id:6639,,,,,,9,,Tipo,MUJER,,0,,,,,,,,,,,,,,,,,,,,,,,,,,,Concepto,Corte de flequillos,,0,,,,,,,,,,,,,,,,,,,,,,,,,
6652,"variation, virtual",,,"Peluquería - MUJER, Recogido",1,0,visible,,,,,taxable,parent,1,,,0,0,,,,,0,,,45,,,,https://cumbriabienestar.es/wp-content/uploads/2024/08/2149230939.jpg,,,id:6639,,,,,,10,,Tipo,MUJER,,0,,,,,,,,,,,,,,,,,,,,,,,,,,,Concepto,Recogido,,0,,,,,,,,,,,,,,,,,,,,,,,,,
6653,"variation, virtual",,,"Peluquería - MUJER, Semi-recogido",1,0,visible,,,,,taxable,parent,1,,,0,0,,,,,0,,,30,,,,https://cumbriabienestar.es/wp-content/uploads/2024/08/2149230939.jpg,,,id:6639,,,,,,11,,Tipo,MUJER,,0,,,,,,,,,,,,,,,,,,,,,,,,,,,Concepto,Semi-recogido,,0,,,,,,,,,,,,,,,,,,,,,,,,,
6654,"variation, virtual",,,"Peluquería - MUJER, Peinado Ondas",1,0,visible,,,,,taxable,parent,1,,,0,0,,,,,0,,,25,,,,https://cumbriabienestar.es/wp-content/uploads/2024/08/2149230939.jpg,,,id:6639,,,,,,12,,Tipo,MUJER,,0,,,,,,,,,,,,,,,,,,,,,,,,,,,Concepto,Peinado Ondas,,0,,,,,,,,,,,,,,,,,,,,,,,,,
6655,"variation, virtual",,,"Peluquería - HOMBRE, Corte caballero",1,0,visible,,,,,taxable,parent,1,,,0,0,,,,,0,,,12,,,,https://cumbriabienestar.es/wp-content/uploads/2024/08/2149230939.jpg,,,id:6639,,,,,,13,,Tipo,HOMBRE,,0,,,,,,,,,,,,,,,,,,,,,,,,,,,Concepto,Corte caballero,,0,,,,,,,,,,,,,,,,,,,,,,,,,
6656,"variation, virtual",,,"Peluquería - HOMBRE, Color caballero",1,0,visible,,,,,taxable,parent,1,,,0,0,,,,,0,,,20,,,,https://cumbriabienestar.es/wp-content/uploads/2024/08/2149230939.jpg,,,id:6639,,,,,,14,,Tipo,HOMBRE,,0,,,,,,,,,,,,,,,,,,,,,,,,,,,Concepto,Color caballero,,0,,,,,,,,,,,,,,,,,,,,,,,,,
6657,"variation, virtual",,,"Peluquería - NIÑOS, Corte de bebé",1,0,visible,,,,,taxable,parent,1,,,0,0,,,,,0,,,6,,,,https://cumbriabienestar.es/wp-content/uploads/2024/08/2149230939.jpg,,,id:6639,,,,,,15,,Tipo,NIÑOS,,0,,,,,,,,,,,,,,,,,,,,,,,,,,,Concepto,Corte de bebé,,0,,,,,,,,,,,,,,,,,,,,,,,,,
6658,"variation, virtual",,,"Peluquería - NIÑOS, Corte de niño (hasta 10 años)",1,0,visible,,,,,taxable,parent,1,,,0,0,,,,,0,,,8,,,,https://cumbriabienestar.es/wp-content/uploads/2024/08/2149230939.jpg,,,id:6639,,,,,,16,,Tipo,NIÑOS,,0,,,,,,,,,,,,,,,,,,,,,,,,,,,Concepto,Corte de niño (hasta 10 años),,0,,,,,,,,,,,,,,,,,,,,,,,,,
6659,"variation, virtual",,,"Peluquería - NIÑOS, Corte de niña (hasta 10 años)",1,0,visible,,,,,taxable,parent,1,,,0,0,,,,,0,,,10,,,,https://cumbriabienestar.es/wp-content/uploads/2024/08/2149230939.jpg,,,id:6639,,,,,,17,,Tipo,NIÑOS,,0,,,,,,,,,,,,,,,,,,,,,,,,,,,Concepto,Corte de niña (hasta 10 años),,0,,,,,,,,,,,,,,,,,,,,,,,,,
6660,"variation, virtual",,,"Peluquería - NIÑOS, Corte de niña con secado (hasta 10 años)",1,0,visible,,,,,taxable,parent,1,,,0,0,,,,,0,,,16,,,,https://cumbriabienestar.es/wp-content/uploads/2024/08/2149230939.jpg,,,id:6639,,,,,,18,,Tipo,NIÑOS,,0,,,,,,,,,,,,,,,,,,,,,,,,,,,Concepto,Corte de niña con secado (hasta 10 años),,0,,,,,,,,,,,,,,,,,,,,,,,,,
6661,"variation, virtual",,,"Peluquería - TRABAJOS TÉCNICOS, Tinte y peinar cabello corto",1,0,visible,,,,,taxable,parent,1,,,0,0,,,,,0,,,35,,,,https://cumbriabienestar.es/wp-content/uploads/2024/08/2149230939.jpg,,,id:6639,,,,,,19,,Tipo,TRABAJOS TÉCNICOS,,0,,,,,,,,,,,,,,,,,,,,,,,,,,,Concepto,Tinte y peinar cabello corto,,0,,,,,,,,,,,,,,,,,,,,,,,,,
6662,"variation, virtual",,,"Peluquería - TRABAJOS TÉCNICOS, Tinte y peinar cabello medio",1,0,visible,,,,,taxable,parent,1,,,0,0,,,,,0,,,38,,,,https://cumbriabienestar.es/wp-content/uploads/2024/08/2149230939.jpg,,,id:6639,,,,,,20,,Tipo,TRABAJOS TÉCNICOS,,0,,,,,,,,,,,,,,,,,,,,,,,,,,,Concepto,Tinte y peinar cabello medio,,0,,,,,,,,,,,,,,,,,,,,,,,,,
6663,"variation, virtual",,,"Peluquería - TRABAJOS TÉCNICOS, Tinte y peinar cabello largo",1,0,visible,,,,,taxable,parent,1,,,0,0,,,,,0,,,40,,,,https://cumbriabienestar.es/wp-content/uploads/2024/08/2149230939.jpg,,,id:6639,,,,,,21,,Tipo,TRABAJOS TÉCNICOS,,0,,,,,,,,,,,,,,,,,,,,,,,,,,,Concepto,Tinte y peinar cabello largo,,0,,,,,,,,,,,,,,,,,,,,,,,,,
6664,"variation, virtual",,,"Peluquería - TRABAJOS TÉCNICOS, Tinte y lavar cabello corto",1,0,visible,,,,,taxable,parent,1,,,0,0,,,,,0,,,25,,,,https://cumbriabienestar.es/wp-content/uploads/2024/08/2149230939.jpg,,,id:6639,,,,,,22,,Tipo,TRABAJOS TÉCNICOS,,0,,,,,,,,,,,,,,,,,,,,,,,,,,,Concepto,Tinte y lavar cabello corto,,0,,,,,,,,,,,,,,,,,,,,,,,,,
6665,"variation, virtual",,,"Peluquería - TRABAJOS TÉCNICOS, Tinte y lavar cabello medio",1,0,visible,,,,,taxable,parent,1,,,0,0,,,,,0,,,28,,,,https://cumbriabienestar.es/wp-content/uploads/2024/08/2149230939.jpg,,,id:6639,,,,,,23,,Tipo,TRABAJOS TÉCNICOS,,0,,,,,,,,,,,,,,,,,,,,,,,,,,,Concepto,Tinte y lavar cabello medio,,0,,,,,,,,,,,,,,,,,,,,,,,,,
6666,"variation, virtual",,,"Peluquería - TRABAJOS TÉCNICOS, Tinte y lavar cabello largo",1,0,visible,,,,,taxable,parent,1,,,0,0,,,,,0,,,30,,,,https://cumbriabienestar.es/wp-content/uploads/2024/08/2149230939.jpg,,,id:6639,,,,,,24,,Tipo,TRABAJOS TÉCNICOS,,0,,,,,,,,,,,,,,,,,,,,,,,,,,,Concepto,Tinte y lavar cabello largo,,0,,,,,,,,,,,,,,,,,,,,,,,,,
6667,"variation, virtual",,,"Peluquería - MECHAS, Mechas y peinar cabello corto*",1,0,visible,,,,,taxable,parent,1,,,0,0,,,,,0,,,40,,,,https://cumbriabienestar.es/wp-content/uploads/2024/08/2149230939.jpg,,,id:6639,,,,,,25,,Tipo,MECHAS,,0,,,,,,,,,,,,,,,,,,,,,,,,,,,Concepto,Mechas y peinar cabello corto*,,0,,,,,,,,,,,,,,,,,,,,,,,,,
6668,"variation, virtual",,,"Peluquería - MECHAS, Mechas y peinar cabello largo*",1,0,visible,,,,,taxable,parent,1,,,0,0,,,,,0,,,55,,,,https://cumbriabienestar.es/wp-content/uploads/2024/08/2149230939.jpg,,,id:6639,,,,,,26,,Tipo,MECHAS,,0,,,,,,,,,,,,,,,,,,,,,,,,,,,Concepto,Mechas y peinar cabello largo*,,0,,,,,,,,,,,,,,,,,,,,,,,,,
6669,"variation, virtual",,,"Peluquería - MECHAS, * Suplemento Matiz o Doble mechas",1,0,visible,,,,,taxable,parent,1,,,0,0,,,,,0,,,8,,,,https://cumbriabienestar.es/wp-content/uploads/2024/08/2149230939.jpg,,,id:6639,,,,,,27,,Tipo,MECHAS,,0,,,,,,,,,,,,,,,,,,,,,,,,,,,Concepto,* Suplemento Matiz o Doble mechas,,0,,,,,,,,,,,,,,,,,,,,,,,,,
6670,"variation, virtual",,,"Peluquería - MECHAS, Mechas y lavar",1,0,visible,,,,,taxable,parent,1,,,0,0,,,,,0,,,38,,,,https://cumbriabienestar.es/wp-content/uploads/2024/08/2149230939.jpg,,,id:6639,,,,,,28,,Tipo,MECHAS,,0,,,,,,,,,,,,,,,,,,,,,,,,,,,Concepto,Mechas y lavar,,0,,,,,,,,,,,,,,,,,,,,,,,,,
6671,variation,,,"Peluquería - TRATAMIENTO HIDRATACIÓN, Reparador, etc.",1,0,visible,,,,,taxable,parent,1,,,0,0,,,,,0,,,20,,,,https://cumbriabienestar.es/wp-content/uploads/2024/08/2149230939.jpg,,,id:6639,,,,,,29,,Tipo,TRATAMIENTO HIDRATACIÓN,,0,,,,,,,,,,,,,,,,,,,,,,,,,,,Concepto,"Reparador\, etc.",,0,,,,,,,,,,,,,,,,,,,,,,,,,
6743,variable,,,Gimnasio,1,0,visible,"<div class=""twelve columns"">En Cumbria Bienestar hemos querido recuperar la esencia del gimnasio dándole el significado original. “mens sana in corpore sano”. Todos los socios de Cumbria, cuentan con una entrevista “Bienvenido a Cumbria” totalmente gratuita y un plan de inicio personalizado donde uno de nuestros entrenadores le diseñará un programa adaptado a sus características físicas y objetivos.</div>
\n<div class=""twelve columns"">Al asociarte a CUMBRIA Bienestar se te asignará un entrenador personal para que te sientas guiado desde el primer momento. Nuestros entrenadores están cualificados y te pondrán un plan de entrenamiento personal orientado a los objetivos que desees lograr. Si padecieses alguna lesión, tu plan iría acorde a ella, para que puedas progresar con toda confianza.</div>
\n<div class=""twelve columns"">Somos especialistas en tonificación y masa muscular, potencia, resistencia, reflejos y agilidad, flexibilidad y corrección postural, exceso de peso…</div>","<div class=""twelve columns"">En Cumbria Bienestar hemos querido recuperar la esencia del gimnasio dándole el significado original. “mens sana in corpore sano”. Todos los socios de Cumbria, cuentan con una entrevista “Bienvenido a Cumbria” totalmente gratuita y un plan de inicio personalizado donde uno de nuestros entrenadores le diseñará un programa adaptado a sus características físicas y objetivos.</div>
\n<div class=""twelve columns"">Al asociarte a CUMBRIA Bienestar se te asignará un entrenador personal para que te sientas guiado desde el primer momento. Nuestros entrenadores están cualificados y te pondrán un plan de entrenamiento personal orientado a los objetivos que desees lograr. Si padecieses alguna lesión, tu plan iría acorde a ella, para que puedas progresar con toda confianza.</div>
\n<div class=""twelve columns"">Somos especialistas en tonificación y masa muscular, potencia, resistencia, reflejos y agilidad, flexibilidad y corrección postural, exceso de peso…</div>
\n&nbsp;
\n<div><a href=""https://cumbriabienestar.es/gimnasio/"">Más información</a></div>",,,taxable,,1,,,0,0,,,,,1,,,,GIMNASIO,,,https://cumbriabienestar.es/wp-content/uploads/2024/08/G-SF01.jpg,,,,,,,,,0,,Tipo,"Cuota socio sala trimestral, Cuota socio GYM trimestral, Cuota socio SPA, Cuota socio GYM + SPA, Sesión suelta GYM, Bono 6 sesiones GYM, Bono 13 sesiones GYM",1,0,,,,default,default,default,default,default,410,90,1,7,Tipo:Cuota socio sala trimestral,Tipo:Cuota socio GYM trimestral,Tipo:Cuota socio SPA,Tipo:Cuota socio GYM + SPAN,,set,,,Tipo:Sesión suelta GYM,Tipo:Bono 6 sesiones GYM,Tipo:Bono 13 sesiones GYM,,,,,,,,,,,,,,,,,,,,,,,,,,,,,,,,
6755,"variation, virtual",,,Gimnasio - Bono 6 sesiones GYM,1,0,visible,,6 sesiones GYM.,,,taxable,parent,1,,,0,0,,,,,0,,,35,,,,,,,id:6743,,,,,,6,,Tipo,Bono 6 sesiones GYM,,0,,,,,,,,,,,,,,,,,,,,,,,,,,,,,,,,,,,,,,,,,,,,,,,,,,,,,,,
6756,"variation, virtual",,,Gimnasio - Bono 13 sesiones GYM,1,0,visible,,13 sesiones GYM.,,,taxable,parent,1,,,0,0,,,,,0,,,70,,,,,,,id:6743,,,,,,7,,Tipo,Bono 13 sesiones GYM,,0,,,,,,,,,,,,,,,,,,,,,,,,,,,,,,,,,,,,,,,,,,,,,,,,,,,,,,,
6905,"variation, virtual",,,Circuito SPA - Pack Circuito spa + Masaje - Duración 30',1,0,visible,,Pack Circuito spa + masaje relax 30’ para 2 personas,,,taxable,parent,1,,,0,0,,,,,0,,,100,,,,https://cumbriabienestar.es/wp-content/uploads/2024/08/23536.jpg,,,id:6461,,,,,,3,,Circuito,Pack Circuito spa + Masaje - Duración 30',,0,,,,,,,,,,,,1,,,,,,,,,,,,,,,,,,,,,,,,,,,,,,,,,,,,,,,,,,,
6906,"variation, virtual",,,SPA y Sabores - 2 personas,1,0,visible,,Spa y sabores para 2 personas,,,taxable,parent,1,,,0,0,,,,,0,,,90,,,,https://cumbriabienestar.es/wp-content/uploads/2024/08/spa-massage-concept-with-woman-scaled.jpg,,,id:6470,,,,,,1,,Circuito,2 personas,,0,,,,,,,,,,,,9,,,,,,,,,,,,,,,,,,,,,,,,,,,,,,,,,,,,,,,,,,,
6911,variable,,,Radiofrecuencia corporal,1,0,visible,,"La radiofrecuencia corporal es un tratamiento no invasivo diseñado para mejorar la firmeza y elasticidad de la piel. Utiliza ondas electromagnéticas que generan calor en las capas profundas de la dermis, estimulando la producción de colágeno y elastina, lo que ayuda a combatir la flacidez y mejorar la textura de la piel.
\n
\n<strong>Beneficios destacados:</strong>
\n<ul>
\n 	<li>Reafirma y tonifica la piel.</li>
\n 	<li>Reduce la apariencia de celulitis.</li>
\n 	<li>Estimula la regeneración celular.</li>
\n 	<li>Proporciona un efecto de piel más tersa y uniforme.</li>
\n</ul>
\n<strong>Ideal para:</strong>
\nPersonas que buscan un tratamiento efectivo y seguro para remodelar su figura, mejorar la apariencia de la piel y potenciar su confianza.",,,taxable,,1,,,0,0,,,,,1,,,,"BELLEZA CORPORAL - Tratamientos, BELLEZA CORPORAL - Tratamientos > Radiofrecuencia corporal",Belleza corporal,,https://cumbriabienestar.es/wp-content/uploads/2025/01/2042.jpg,,,,,,,,,0,,Circuito,"Sesión, Bono 5 sesiones +1 gratis, Bono 10 sesiones + 3 gratis",1,0,,,,default,default,default,default,default,473,90,1,4,,,,,,set,,,,,,,,,,,,,,,,,,,,,,,,,,,,,,,,,,,,,
6913,"variation, virtual",,,Radiofrecuencia corporal - Sesión,1,0,visible,,Incluye una sesión ,,,taxable,parent,1,,,0,0,,,,,0,,,"49,9",,,,,,,id:6911,,,,,,1,,Circuito,Sesión,,0,,,,,,,,,,,,,,,,,,,,,,,,,,,,,,,,,,,,,,,,,,,,,,,,,,,,,,,
6914,"variation, virtual",,,Radiofrecuencia corporal - Bono 5 sesiones +1 gratis,1,0,visible,,Incluye bono 5 sesiones +1 gratis,,,taxable,parent,1,,,0,0,,,,,0,,,250,,,,,,,id:6911,,,,,,2,,Circuito,Bono 5 sesiones +1 gratis,,0,,,,,,,,,,,,,,,,,,,,,,,,,,,,,,,,,,,,,,,,,,,,,,,,,,,,,,,
6941,"variation, virtual",,,Circuito SPA - Circuito Spa,1,0,visible,,"Circuito spa, si quieres para dos personas añade dos al carrito",,,taxable,parent,1,,,0,0,,,,,0,,,25,,,,,,,id:6461,,,,,,1,,Circuito,Circuito Spa,,0,,,,,,,,,,,,1,,,,,,,,,,,,,,,,,,,,,,,,,,,,,,,,,,,,,,,,,,,
6942,"variation, virtual",,,Circuito SPA - Pack Circuito spa + Masaje - Duración 30' (Individual),1,0,visible,,Pack Circuito spa + masaje relax 30’ para 1 persona,,,taxable,parent,1,,,0,0,,,,,0,,,50,,,,,,,id:6461,,,,,,2,,Circuito,Pack Circuito spa + Masaje - Duración 30' (Individual),,0,,,,,,,,,,,,1,,,,,,,,,,,,,,,,,,,,,,,,,,,,,,,,,,,,,,,,,,,
6943,"variation, virtual",,,SPA y Sabores - Individual,1,0,visible,,Spa y sabores para 1 persona,,,taxable,parent,1,,,0,0,,,,,0,,,45,,,,,,,id:6470,,,,,,2,,Circuito,Individual,,0,,,,,,,,,,,,,,,,,,,,,,,,,,,,,,,,,,,,,,,,,,,,,,,,,,,,,,,
6944,variation,,,Relax Oriental - Individual,1,0,visible,,Relax oriental para 1 persona,,,taxable,parent,1,,,0,0,,,,,0,,,50,,,,,,,id:6472,,,,,,2,,Personas,Individual,,0,,,,,,,,,,,,1,,,,,,,,,,,,,,,,,,,,,,,,,,,,,,,,,,,,,,,,,,,
7295,variation,,,Manicura y Pedicura - Manicura con parafina,1,0,visible,,,,,taxable,parent,1,,,0,0,,,,,0,,,25,,,,,,,id:6614,,,,,,1,,Tipo,Manicura con parafina,,0,,,,,,,,,,,,,,,,,,,,,,,,,,,,,,,,,,,,,,,,,,,,,,,,,,,,,,,
7296,variation,,,Manicura y Pedicura - Manicura Frances,1,0,visible,,,,,taxable,parent,1,,,0,0,,,,,0,,,16,,,,,,,id:6614,,,,,,0,,Tipo,Manicura Frances,,0,,,,,,,,,,,,,,,,,,,,,,,,,,,,,,,,,,,,,,,,,,,,,,,,,,,,,,,
7300,"simple, downloadable, virtual",,,Timexpert Hydraluronic de Germaine de Capuccini,1,0,visible,"<strong>Timexpert Hydraluronic de Germaine de Capuccini </strong>
\n
\nEs una línea  avanzada de tratamientos faciales diseñada para proporcionar hidratación profunda, reafirmación y rejuvenecimiento de la piel.
\nUtilizando tecnología de ácido hialurónico en diferentes pesos moleculares, estos tratamientos ofrecen resultados visibles
\ninmediatos, suavizando arrugas y líneas de expresión, restaurando el volumen y mejorando la elasticidad y luminosidad de la piel.","<strong>Timexpert Hydraluronic de Germaine de Capuccini</strong>
\n
\nEs una línea avanzada de tratamientos faciales diseñada para proporcionar hidratación profunda, reafirmación y rejuvenecimiento de la piel.
\nUtilizando tecnología de ácido hialurónico en diferentes pesos moleculares, estos tratamientos ofrecen resultados visibles inmediatos, suavizando arrugas y líneas de expresión, restaurando el volumen y mejorando la elasticidad y luminosidad de la piel.
\n
\nDURACIÓN: 60´",,,taxable,,1,,,0,0,,,,,1,,,65,BELLEZA FACIAL / TRATAMIENTOS – por persona,Belleza facial,,"https://cumbriabienestar.es/wp-content/uploads/2025/07/350028-tx-hydraluronic-model-cool-massager-scaled.webp, https://cumbriabienestar.es/wp-content/uploads/2025/07/txhyra-logo-300x169-1.png",-1,-1,,,,,,,0,,,,,,,,,default,default,default,default,default,433,90,1,21,,,,,,set,,,,,,,,,,,,,,,,,,,,,,,,,,,,,,,,,,,,,
7305,"simple, virtual",,,Amazonian Discovery,1,0,visible,"<ul>
\n 	<li> Facial:
\n- limpieza profunda
\n- exfoliación
\n- nutrición intensa</li>
\n 	<li>Corporal:
\n- exfoliación completa
\n- baño de hidratación</li>
\n</ul>","<strong>Equilibrio y relajación completa</strong>
\n
\nRitual de inspiración amazónica con maracuyá, papaya, tagua, aceites aromáticos y el sonido de la naturaleza
\n
\nUn viaje sensorial que renueva la piel, despierta los sentidos y conecta con la energía pura de la selva tropical.
\n<ul>
\n 	<li> Facial:
\n- limpieza profunda
\n- exfoliación
\n- nutrición intensa</li>
\n 	<li>Corporal:
\n- exfoliación completa
\n- baño de hidratación</li>
\n</ul>
\n¡Vive esta experiencia única y transforma tu día en un ritual de bienestar inolvidable!",,,taxable,,1,,,0,0,,,,,1,,,100,BELLEZA CORPORAL - Rituales,Rituales de Belleza,,"https://cumbriabienestar.es/wp-content/uploads/2025/07/ser-masajista-a-domicilio-2-.jpg, https://cumbriabienestar.es/wp-content/uploads/2025/07/ser-masajista-a-domicilio-2-.jpg, https://cumbriabienestar.es/wp-content/uploads/2025/07/descarga-1.jpg",,,,,,,,,0,,,,,,,,,default,default,default,default,default,458,90,1,5,,,,,,set,,,,,,,,,,,,,,,,,,,,,,,,,,,,,,,,,,,,,
7308,variable,,,Asian Journey,1,0,visible,,"<strong>Un Viaje Sensorial a la Serenidad Asiática</strong>
\n<p style=""text-align: left;""> Déjate envolver por la esencia de Oriente con Asian Journey, el exclusivo ritual de Germaine de Capuccini que                                                              armoniza cuerpo y mente, inspirándose en la sabiduría milenaria de la cultura asiática.
\nEste tratamiento te sumerge en una experiencia de relajación profunda, gracias a su aroma envolvente: una fusión única de notas amaderadas,
\nespeciadas y lechosas, donde se perciben delicadamente la castaña, canela, bergamota, gardenia, leche de almendras, sándalo y vainilla blanca.
\nCon Asian Journey, reconectas con tu equilibrio interior a través de un viaje sensorial pensado
\npara liberar tensiones, nutrir la piel y renovar el bienestar desde el interior.</p>
\n<strong>Para ella - El Ritual Incluye:</strong>
\n<ul>
\n 	<li>Bañera de Hidromasaje: Comienza tu experiencia con un baño
\nrelajante que prepara la piel y los sentidos, mientras el aroma especiado,
\namaderado y lechoso te transporta a un estado de calma profunda.</li>
\n 	<li>Exfoliación Corporal con Té Matcha y Arroz: Purifica y
\nrenueva tu piel con una combinación natural de té matcha antioxidante y
\npartículas de arroz, dejando la piel suave, tersa y luminosa.</li>
\n 	<li>Masaje Corporal Holístico: Finaliza el ritual con un masaje que
\narmoniza cuerpo y mente, liberando tensiones y conectándote con tu equilibrio
\ninterior.</li>
\n</ul>
\n<strong>Para él - El Ritual Incluye:</strong>
\n<ul>
\n 	<li>Bañera de Hidromasaje: Comienza tu experiencia con un baño
\nrelajante que prepara la piel y los sentidos, mientras el aroma especiado,
\namaderado y lechoso te transporta a un estado de calma profunda.</li>
\n 	<li> Envoltura Corporal Nutritiva: Una suave envoltura que mima tu
\npiel con ingredientes inspirados en la naturaleza asiática, aportando
\nhidratación, luminosidad y una sensación de confort absoluto.</li>
\n 	<li>Masaje Corporal Holístico: Finaliza el ritual con un masaje que
\narmoniza cuerpo y mente, liberando tensiones y conectándote con tu
\nequilibrio interior.</li>
\n</ul>
\n&nbsp;",,,taxable,,1,,,0,0,,,,,1,,,,BELLEZA CORPORAL - Rituales,Rituales de Belleza,,"https://cumbriabienestar.es/wp-content/uploads/2025/07/images.jpg, https://cumbriabienestar.es/wp-content/uploads/2025/07/descarga-2.jpg",,,,,,,,,0,,Para él,Para él,1,0,,,,default,default,default,default,default,458,60,2,8,,,,,,set,,,,,,,,,Para ella,Para ella,1,0,,,,,,,,,,,,,,,,,,,,,,,,,
7312,variation,,,Asian Journey,1,0,visible,,"'-Bañera de Hidromasaje: Comienza tu experiencia con un baño
\nrelajante que prepara la piel y los sentidos, mientras el aroma especiado,
\namaderado y lechoso te transporta a un estado de calma profunda.
\n -Envoltura Corporal Nutritiva: Una suave envoltura que mima tu
\npiel con ingredientes inspirados en la naturaleza asiática, aportando
\nhidratación, luminosidad y una sensación de confort absoluto.
\n-Masaje Corporal Holístico: Finaliza el ritual con un masaje que
\narmoniza cuerpo y mente, liberando tensiones y conectándote con tu
\nequilibrio interior.",,,taxable,parent,1,,,0,0,,,,,0,,,90,,,,,,,id:7308,,,,,,1,,Para él,,,0,,,,,,,,,,,,,,,,,,,,,,,,,,,Para ella,,,0,,,,,,,,,,,,,,,,,,,,,,,,,
